scope,n_clips_in_scope,target,sort_key,n_steps,n_unique_clips,spearman,frac_nondecreasing,max_jump,max_abs_step,mean_abs_step,n_large_jumps,task_switch_rate,cluster_switch_rate,embodiment_switch_rate,source_switch_rate,mean_consecutive_dtw,max_consecutive_dtw,cluster_coverage,task_coverage,n_clips_to_target,distinct_clusters,frac_consecutive_near_duplicate,mean_pairwise_dtw,distinct_ratio
garments,131,121,composite difficulty,5.0,5.0,0.9999999999999999,1.0,0.01838235294117647,0.01838235294117647,0.015625,0.0,0.5,0.25,0.25,0.25,0.5973737174289645,0.9229010364298488,0.4,0.6,3.0,2.0,0.5,1.6874662897543509,1.0
garments,131,121,duration only,5.0,5.0,0.8999999999999998,0.75,0.025735294117647058,0.025735294117647058,0.017463235294117647,0.0,0.5,0.25,0.25,0.25,0.6332661866925705,0.9229010364298488,0.4,0.6,3.0,2.0,0.25,1.6874662897543509,1.0
garments,131,121,path_length only,5.0,5.0,0.39999999999999997,0.75,0.03676470588235294,0.044117647058823525,0.02665441176470588,0.0,0.5,0.25,0.5,0.5,0.6363213423612388,1.0,0.4,0.4,2.0,2.0,0.5,1.6874662897543509,1.0
garments,131,121,tortuosity only,5.0,5.0,0.9999999999999999,1.0,0.01838235294117647,0.01838235294117647,0.015625,0.0,0.5,0.25,0.25,0.25,0.5973737174289645,0.9229010364298488,0.4,0.6,3.0,2.0,0.5,1.6874662897543509,1.0
garments,131,121,random order,5.0,5.0,-0.3,0.5,0.05514705882352941,0.0625,0.043198529411764705,0.0,1.0,0.5,1.0,1.0,0.9701539556611339,1.0,0.4,0.6,5.0,2.0,0.0,1.6874662897543509,1.0
garments,131,62,composite difficulty,4.0,4.0,1.0,1.0,0.33088235294117646,0.33088235294117646,0.20710784313725492,2.0,0.3333333333333333,0.6666666666666666,0.0,0.3333333333333333,0.8577545591657841,0.9126342446409311,0.6,0.4,4.0,3.0,0.0,1.930048478500108,1.0
garments,131,62,duration only,4.0,4.0,1.0,1.0,0.33088235294117646,0.33088235294117646,0.20710784313725492,2.0,0.3333333333333333,0.6666666666666666,0.0,0.3333333333333333,0.8577545591657841,0.9126342446409311,0.6,0.4,4.0,3.0,0.0,1.930048478500108,1.0
garments,131,62,path_length only,4.0,4.0,1.0,1.0,0.33088235294117646,0.33088235294117646,0.20710784313725492,2.0,0.3333333333333333,0.6666666666666666,0.0,0.3333333333333333,0.8577545591657841,0.9126342446409311,0.6,0.4,4.0,3.0,0.0,1.930048478500108,1.0
garments,131,62,tortuosity only,4.0,4.0,0.7999999999999999,0.6666666666666666,0.33088235294117646,0.33088235294117646,0.2193627450980392,2.0,0.3333333333333333,0.6666666666666666,0.0,0.3333333333333333,0.8650458897023712,0.9193408070007293,0.6,0.4,3.0,3.0,0.0,1.930048478500108,1.0
garments,131,62,random order,4.0,4.0,0.39999999999999997,0.6666666666666666,0.33088235294117646,0.5845588235294118,0.40196078431372556,2.0,0.6666666666666666,1.0,0.0,0.6666666666666666,0.9261451231124935,0.9464603176958202,0.6,0.4,4.0,3.0,0.0,1.930048478500108,1.0
garments,131,61,composite difficulty,3.0,3.0,1.0,1.0,0.5955882352941176,0.5955882352941176,0.34375,1.0,0.5,0.5,0.0,0.5,0.8399094688285782,0.906981954664931,0.4,0.4,3.0,2.0,0.0,1.8928117397124051,1.0
garments,131,61,duration only,3.0,3.0,1.0,1.0,0.5955882352941176,0.5955882352941176,0.34375,1.0,0.5,0.5,0.0,0.5,0.8399094688285782,0.906981954664931,0.4,0.4,3.0,2.0,0.0,1.8928117397124051,1.0
garments,131,61,path_length only,3.0,3.0,1.0,1.0,0.5955882352941176,0.5955882352941176,0.34375,1.0,0.5,0.5,0.0,0.5,0.8399094688285782,0.906981954664931,0.4,0.4,3.0,2.0,0.0,1.8928117397124051,1.0
garments,131,61,tortuosity only,3.0,3.0,1.0,1.0,0.5955882352941176,0.5955882352941176,0.34375,1.0,0.5,0.5,0.0,0.5,0.8399094688285782,0.906981954664931,0.4,0.4,3.0,2.0,0.0,1.8928117397124051,1.0
garments,131,61,random order,3.0,3.0,0.5,0.5,0.6875,0.6875,0.6415441176470589,1.0,1.0,1.0,0.0,1.0,0.937483883811774,0.9679858129586172,0.4,0.4,3.0,2.0,0.0,1.8928117397124051,1.0
garments,131,126,composite difficulty,5.0,5.0,0.9999999999999999,1.0,0.0625,0.0625,0.03400735294117647,0.0,0.5,0.25,0.25,0.25,0.5768613122892099,0.9044303929988131,0.4,0.6,5.0,2.0,0.5,1.65702438601546,1.0
garments,131,126,duration only,5.0,5.0,0.6,0.5,0.1176470588235294,0.1176470588235294,0.052389705882352935,0.0,0.5,0.25,0.25,0.25,0.5813408296055959,0.9223484622643573,0.4,0.6,3.0,2.0,0.5,1.65702438601546,1.0
garments,131,126,path_length only,5.0,5.0,0.0,0.25,0.13602941176470587,0.13602941176470587,0.06341911764705882,0.0,0.5,0.25,0.5,0.5,0.6204265980792433,1.0,0.4,0.4,2.0,2.0,0.5,1.65702438601546,1.0
garments,131,126,tortuosity only,5.0,5.0,0.9999999999999999,1.0,0.0625,0.0625,0.03400735294117647,0.0,0.5,0.25,0.25,0.25,0.5768613122892099,0.9044303929988131,0.4,0.6,5.0,2.0,0.5,1.65702438601546,1.0
garments,131,126,random order,5.0,5.0,0.09999999999999999,0.25,0.13602941176470587,0.13602941176470587,0.08363970588235292,0.0,0.75,0.5,0.5,0.5,0.7857945165028808,1.0,0.4,0.6,4.0,2.0,0.0,1.65702438601546,1.0
garments,131,91,composite difficulty,8.0,8.0,1.0,1.0,0.08823529411764708,0.08823529411764708,0.05357142857142857,0.0,0.2857142857142857,0.14285714285714285,0.14285714285714285,0.14285714285714285,0.45424369534958503,0.9044303929988131,0.4,0.6,8.0,2.0,0.7142857142857143,1.3980542030781393,1.0
garments,131,91,duration only,8.0,8.0,0.8571428571428572,0.8571428571428571,0.22426470588235292,0.22426470588235292,0.09978991596638656,1.0,0.2857142857142857,0.14285714285714285,0.14285714285714285,0.14285714285714285,0.5010584653736148,0.9172026522369672,0.4,0.6,8.0,2.0,0.42857142857142855,1.3980542030781393,1.0
garments,131,91,path_length only,8.0,8.0,0.3333333333333334,0.5714285714285714,0.22426470588235292,0.35661764705882354,0.164390756302521,2.0,0.2857142857142857,0.14285714285714285,0.2857142857142857,0.2857142857142857,0.5511321203711737,1.0,0.4,0.4,7.0,2.0,0.2857142857142857,1.3980542030781393,1.0
garments,131,91,tortuosity only,8.0,8.0,1.0,1.0,0.08823529411764708,0.08823529411764708,0.05357142857142857,0.0,0.2857142857142857,0.14285714285714285,0.14285714285714285,0.14285714285714285,0.45424369534958503,0.9044303929988131,0.4,0.6,8.0,2.0,0.7142857142857143,1.3980542030781393,1.0
garments,131,91,random order,8.0,8.0,0.3333333333333334,0.5714285714285714,0.35661764705882354,0.35661764705882354,0.18539915966386555,2.0,0.5714285714285714,0.2857142857142857,0.5714285714285714,0.5714285714285714,0.703303154036198,1.0,0.4,0.6,8.0,2.0,0.2857142857142857,1.3980542030781393,1.0
garments,131,10,composite difficulty,5.0,5.0,0.9999999999999999,1.0,0.5955882352941176,0.5955882352941176,0.21691176470588236,1.0,0.25,0.25,0.0,0.25,0.7163455423097105,0.906981954664931,0.4,0.4,5.0,2.0,0.0,1.7196981922967756,1.0
garments,131,10,duration only,5.0,5.0,0.8999999999999998,0.75,0.5955882352941176,0.5955882352941176,0.24724264705882354,2.0,0.25,0.25,0.0,0.25,0.7249343602547752,0.906981954664931,0.4,0.4,4.0,2.0,0.0,1.7196981922967756,1.0
garments,131,10,path_length only,5.0,5.0,0.9999999999999999,1.0,0.5955882352941176,0.5955882352941176,0.21691176470588236,1.0,0.25,0.25,0.0,0.25,0.7163455423097105,0.906981954664931,0.4,0.4,5.0,2.0,0.0,1.7196981922967756,1.0
garments,131,10,tortuosity only,5.0,5.0,0.7,0.75,0.5955882352941176,0.5955882352941176,0.2610294117647059,2.0,0.25,0.25,0.0,0.25,0.7705690994467921,0.906981954664931,0.4,0.4,4.0,2.0,0.0,1.7196981922967756,1.0
garments,131,10,random order,5.0,5.0,-0.09999999999999999,0.75,0.6911764705882353,0.8676470588235294,0.4577205882352941,2.0,0.5,0.5,0.0,0.5,0.837755412713995,0.9604886612400168,0.2,0.2,3.0,1.0,0.0,1.7196981922967756,1.0
garments,131,1,composite difficulty,4.0,4.0,1.0,1.0,0.5955882352941176,0.5955882352941176,0.2536764705882353,1.0,0.3333333333333333,0.3333333333333333,0.0,0.3333333333333333,0.7425062003978086,0.906981954664931,0.4,0.4,4.0,2.0,0.0,1.7585294173394643,1.0
garments,131,1,duration only,4.0,4.0,1.0,1.0,0.5955882352941176,0.5955882352941176,0.2536764705882353,1.0,0.3333333333333333,0.3333333333333333,0.0,0.3333333333333333,0.7425062003978086,0.906981954664931,0.4,0.4,4.0,2.0,0.0,1.7585294173394643,1.0
garments,131,1,path_length only,4.0,4.0,1.0,1.0,0.5955882352941176,0.5955882352941176,0.2536764705882353,1.0,0.3333333333333333,0.3333333333333333,0.0,0.3333333333333333,0.7425062003978086,0.906981954664931,0.4,0.4,4.0,2.0,0.0,1.7585294173394643,1.0
garments,131,1,tortuosity only,4.0,4.0,1.0,1.0,0.5955882352941176,0.5955882352941176,0.2536764705882353,1.0,0.3333333333333333,0.3333333333333333,0.0,0.3333333333333333,0.7425062003978086,0.906981954664931,0.4,0.4,4.0,2.0,0.0,1.7585294173394643,1.0
garments,131,1,random order,4.0,4.0,-0.39999999999999997,0.3333333333333333,0.6911764705882353,0.6911764705882353,0.4840686274509804,1.0,0.6666666666666666,0.6666666666666666,0.0,0.6666666666666666,0.8849715578623621,0.9425158227207076,0.2,0.2,1.0,1.0,0.0,1.7585294173394643,1.0
garments,131,107,composite difficulty,6.0,6.0,1.0,1.0,0.0625,0.0625,0.026470588235294117,0.0,0.4,0.2,0.2,0.2,0.5562652575246869,0.9044303929988131,0.4,0.6,5.0,2.0,0.2,1.5948652241067582,1.0
garments,131,107,duration only,6.0,6.0,0.942857142857143,0.8,0.10661764705882353,0.10661764705882353,0.051470588235294115,0.0,0.4,0.2,0.2,0.2,0.5692518098656781,0.9172026522369672,0.4,0.6,5.0,2.0,0.2,1.5948652241067582,1.0
garments,131,107,path_length only,6.0,6.0,0.2571428571428572,0.6,0.125,0.125,0.07573529411764704,0.0,0.4,0.2,0.4,0.4,0.6443653355453198,1.0,0.4,0.4,3.0,2.0,0.0,1.5948652241067582,1.0
garments,131,107,tortuosity only,6.0,6.0,0.8285714285714287,0.8,0.06617647058823528,0.06617647058823528,0.027941176470588237,0.0,0.4,0.2,0.2,0.2,0.5930510799909658,0.9044303929988131,0.4,0.6,4.0,2.0,0.0,1.5948652241067582,1.0
garments,131,107,random order,6.0,6.0,-0.48571428571428577,0.6,0.10661764705882353,0.12867647058823528,0.07794117647058822,0.0,0.6,0.4,0.4,0.4,0.7206397633779138,1.0,0.2,0.2,3.0,1.0,0.0,1.5948652241067582,1.0
garments,131,88,composite difficulty,2.0,2.0,0.9999999999999999,1.0,0.3713235294117647,0.3713235294117647,0.3713235294117647,1.0,1.0,1.0,0.0,0.0,0.9254810023910004,0.9254810023910004,0.4,0.4,2.0,2.0,0.0,1.9847701826946647,1.0
garments,131,88,duration only,2.0,2.0,0.9999999999999999,1.0,0.3713235294117647,0.3713235294117647,0.3713235294117647,1.0,1.0,1.0,0.0,0.0,0.9254810023910004,0.9254810023910004,0.4,0.4,2.0,2.0,0.0,1.9847701826946647,1.0
garments,131,88,path_length only,2.0,2.0,0.9999999999999999,1.0,0.3713235294117647,0.3713235294117647,0.3713235294117647,1.0,1.0,1.0,0.0,0.0,0.9254810023910004,0.9254810023910004,0.4,0.4,2.0,2.0,0.0,1.9847701826946647,1.0
garments,131,88,tortuosity only,2.0,2.0,0.9999999999999999,1.0,0.3713235294117647,0.3713235294117647,0.3713235294117647,1.0,1.0,1.0,0.0,0.0,0.9254810023910004,0.9254810023910004,0.4,0.4,2.0,2.0,0.0,1.9847701826946647,1.0
garments,131,88,random order,2.0,2.0,-0.9999999999999999,0.0,-0.3713235294117647,0.3713235294117647,0.3713235294117647,0.0,1.0,1.0,0.0,0.0,0.9254810023910004,0.9254810023910004,0.2,0.2,1.0,1.0,0.0,1.9847701826946647,1.0
garments,131,25,composite difficulty,6.0,6.0,1.0,1.0,0.5955882352941176,0.5955882352941176,0.1948529411764706,1.0,0.2,0.2,0.0,0.2,0.7009108008425745,0.906981954664931,0.4,0.4,6.0,2.0,0.0,1.725861119497725,1.0
garments,131,25,duration only,6.0,6.0,0.942857142857143,0.8,0.5955882352941176,0.5955882352941176,0.23308823529411765,3.0,0.2,0.2,0.0,0.2,0.6989970061338939,0.906981954664931,0.4,0.4,6.0,2.0,0.0,1.725861119497725,1.0
garments,131,25,path_length only,6.0,6.0,0.7714285714285715,0.6,0.5955882352941176,0.5955882352941176,0.2404411764705882,2.0,0.2,0.2,0.0,0.2,0.7249043260111712,0.906981954664931,0.4,0.4,4.0,2.0,0.0,1.725861119497725,1.0
garments,131,25,tortuosity only,6.0,6.0,0.942857142857143,0.8,0.5955882352941176,0.5955882352941176,0.21691176470588233,3.0,0.2,0.2,0.0,0.2,0.7559077782873627,0.906981954664931,0.4,0.4,6.0,2.0,0.0,1.725861119497725,1.0
garments,131,25,random order,6.0,6.0,-0.3142857142857143,0.6,0.5955882352941176,0.8419117647058824,0.4007352941176471,3.0,0.4,0.4,0.0,0.4,0.8456613023997471,0.9783212345154692,0.2,0.2,2.0,1.0,0.0,1.725861119497725,1.0
garments,131,3,composite difficulty,6.0,6.0,1.0,1.0,0.5955882352941176,0.5955882352941176,0.1970588235294118,1.0,0.2,0.2,0.0,0.2,0.711680336063201,0.906981954664931,0.4,0.4,6.0,2.0,0.0,1.7373398281849062,1.0
garments,131,3,duration only,6.0,6.0,0.942857142857143,0.8,0.5955882352941176,0.5955882352941176,0.23529411764705882,3.0,0.2,0.2,0.0,0.2,0.7024843757340815,0.906981954664931,0.4,0.4,6.0,2.0,0.0,1.7373398281849062,1.0
garments,131,3,path_length only,6.0,6.0,0.942857142857143,0.8,0.5955882352941176,0.5955882352941176,0.23529411764705882,3.0,0.2,0.2,0.0,0.2,0.7024843757340815,0.906981954664931,0.4,0.4,6.0,2.0,0.0,1.7373398281849062,1.0
garments,131,3,tortuosity only,6.0,6.0,0.942857142857143,0.8,0.5955882352941176,0.5955882352941176,0.21911764705882356,3.0,0.2,0.2,0.0,0.2,0.7666773135079892,0.906981954664931,0.4,0.4,6.0,2.0,0.0,1.7373398281849062,1.0
garments,131,3,random order,6.0,6.0,0.48571428571428577,0.6,0.5955882352941176,0.5955882352941176,0.2558823529411765,2.0,0.2,0.2,0.0,0.2,0.7915765256294054,0.906981954664931,0.4,0.4,4.0,2.0,0.0,1.7373398281849062,1.0
garments,131,66,composite difficulty,2.0,2.0,0.9999999999999999,1.0,0.6948529411764706,0.6948529411764706,0.6948529411764706,1.0,1.0,1.0,0.0,1.0,0.9229122976357239,0.9229122976357239,0.4,0.4,2.0,2.0,0.0,1.9792613839259732,1.0
garments,131,66,duration only,2.0,2.0,0.9999999999999999,1.0,0.6948529411764706,0.6948529411764706,0.6948529411764706,1.0,1.0,1.0,0.0,1.0,0.9229122976357239,0.9229122976357239,0.4,0.4,2.0,2.0,0.0,1.9792613839259732,1.0
garments,131,66,path_length only,2.0,2.0,0.9999999999999999,1.0,0.6948529411764706,0.6948529411764706,0.6948529411764706,1.0,1.0,1.0,0.0,1.0,0.9229122976357239,0.9229122976357239,0.4,0.4,2.0,2.0,0.0,1.9792613839259732,1.0
garments,131,66,tortuosity only,2.0,2.0,0.9999999999999999,1.0,0.6948529411764706,0.6948529411764706,0.6948529411764706,1.0,1.0,1.0,0.0,1.0,0.9229122976357239,0.9229122976357239,0.4,0.4,2.0,2.0,0.0,1.9792613839259732,1.0
garments,131,66,random order,2.0,2.0,-0.9999999999999999,0.0,-0.6948529411764706,0.6948529411764706,0.6948529411764706,0.0,1.0,1.0,0.0,1.0,0.9229122976357239,0.9229122976357239,0.2,0.2,1.0,1.0,0.0,1.9792613839259732,1.0
garments,131,2,composite difficulty,6.0,6.0,1.0,1.0,0.5955882352941176,0.5955882352941176,0.18235294117647058,1.0,0.2,0.2,0.0,0.2,0.6874381226057785,0.906981954664931,0.4,0.4,6.0,2.0,0.0,1.7051083920242585,1.0
garments,131,2,duration only,6.0,6.0,0.942857142857143,0.8,0.5955882352941176,0.5955882352941176,0.22058823529411767,3.0,0.2,0.2,0.0,0.2,0.68883775673212,0.906981954664931,0.4,0.4,6.0,2.0,0.0,1.7051083920242585,1.0
garments,131,2,path_length only,6.0,6.0,0.942857142857143,0.8,0.5955882352941176,0.5955882352941176,0.22058823529411767,3.0,0.2,0.2,0.0,0.2,0.68883775673212,0.906981954664931,0.4,0.4,6.0,2.0,0.0,1.7051083920242585,1.0
garments,131,2,tortuosity only,6.0,6.0,0.942857142857143,0.8,0.5955882352941176,0.5955882352941176,0.20441176470588235,3.0,0.2,0.2,0.0,0.2,0.7424351000505668,0.906981954664931,0.4,0.4,6.0,2.0,0.0,1.7051083920242585,1.0
garments,131,2,random order,6.0,6.0,0.3714285714285715,0.4,0.9117647058823529,0.9117647058823529,0.40588235294117647,2.0,0.4,0.4,0.0,0.4,0.8211858290921669,1.0,0.4,0.4,4.0,2.0,0.0,1.7051083920242585,1.0
garments,131,21,composite difficulty,6.0,6.0,1.0,1.0,0.5955882352941176,0.5955882352941176,0.19044117647058822,1.0,0.2,0.2,0.0,0.2,0.7343265720919762,0.906981954664931,0.4,0.4,6.0,2.0,0.0,1.758636090661875,1.0
garments,131,21,duration only,6.0,6.0,0.942857142857143,0.8,0.5955882352941176,0.5955882352941176,0.22426470588235295,2.0,0.2,0.2,0.0,0.2,0.7501454680277824,0.906981954664931,0.4,0.4,6.0,2.0,0.0,1.758636090661875,1.0
garments,131,21,path_length only,6.0,6.0,0.8857142857142858,0.6,0.5955882352941176,0.5955882352941176,0.2375,3.0,0.2,0.2,0.0,0.2,0.8142572402844765,0.906981954664931,0.4,0.4,5.0,2.0,0.0,1.758636090661875,1.0
garments,131,21,tortuosity only,6.0,6.0,0.8857142857142858,0.6,0.5955882352941176,0.5955882352941176,0.2375,3.0,0.2,0.2,0.0,0.2,0.8142572402844765,0.906981954664931,0.4,0.4,5.0,2.0,0.0,1.758636090661875,1.0
garments,131,21,random order,6.0,6.0,0.14285714285714288,0.4,0.8345588235294118,0.8345588235294118,0.4477941176470588,2.0,0.4,0.4,0.0,0.4,0.8277122049005626,0.9139606516403761,0.2,0.2,3.0,1.0,0.0,1.758636090661875,1.0
garments,131,48,composite difficulty,7.0,7.0,1.0,1.0,0.5955882352941176,0.5955882352941176,0.1636029411764706,1.0,0.16666666666666666,0.16666666666666666,0.0,0.16666666666666666,0.7280193875096028,0.906981954664931,0.4,0.4,7.0,2.0,0.0,1.7643786245981599,1.0
garments,131,48,duration only,7.0,7.0,0.7142857142857144,0.8333333333333334,0.5955882352941176,0.5955882352941176,0.2205882352941176,2.0,0.16666666666666666,0.16666666666666666,0.0,0.16666666666666666,0.760619745708623,0.906981954664931,0.4,0.4,5.0,2.0,0.0,1.7643786245981599,1.0
garments,131,48,path_length only,7.0,7.0,0.07142857142857144,0.5,0.9816176470588235,0.9816176470588235,0.3327205882352941,2.0,0.16666666666666666,0.16666666666666666,0.0,0.16666666666666666,0.8341082469906912,0.9632313603397732,0.4,0.4,2.0,2.0,0.0,1.7643786245981599,1.0
garments,131,48,tortuosity only,7.0,7.0,0.9642857142857145,0.8333333333333334,0.5955882352941176,0.5955882352941176,0.18198529411764705,3.0,0.16666666666666666,0.16666666666666666,0.0,0.16666666666666666,0.7776788707414443,0.906981954664931,0.4,0.4,7.0,2.0,0.0,1.7643786245981599,1.0
garments,131,48,random order,7.0,7.0,-0.21428571428571433,0.16666666666666666,0.38602941176470584,0.7463235294117647,0.2708333333333333,1.0,0.16666666666666666,0.16666666666666666,0.0,0.16666666666666666,0.7859449630987873,0.9936576043196536,0.2,0.2,4.0,1.0,0.0,1.7643786245981599,1.0
garments,131,102,composite difficulty,5.0,5.0,0.9999999999999999,1.0,0.08088235294117646,0.08088235294117646,0.04136029411764706,0.0,0.5,0.25,0.25,0.25,0.5830361441357936,0.9044303929988131,0.4,0.6,5.0,2.0,0.5,1.669986519482197,1.0
garments,131,102,duration only,5.0,5.0,0.9999999999999999,1.0,0.08088235294117646,0.08088235294117646,0.04136029411764706,0.0,0.5,0.25,0.25,0.25,0.5830361441357936,0.9044303929988131,0.4,0.6,5.0,2.0,0.5,1.669986519482197,1.0
garments,131,102,path_length only,5.0,5.0,0.09999999999999999,0.5,0.14338235294117646,0.14338235294117646,0.078125,0.0,0.5,0.25,0.5,0.5,0.6361453746905141,1.0,0.4,0.4,3.0,2.0,0.25,1.669986519482197,1.0
garments,131,102,tortuosity only,5.0,5.0,0.8999999999999998,0.75,0.10294117647058823,0.10294117647058823,0.046875,0.0,0.5,0.25,0.25,0.25,0.5925800889004806,0.9044303929988131,0.4,0.6,4.0,2.0,0.25,1.669986519482197,1.0
garments,131,102,random order,5.0,5.0,0.09999999999999999,0.5,0.16544117647058823,0.16544117647058823,0.09926470588235294,1.0,1.0,0.5,1.0,1.0,0.966652641116753,1.0,0.4,0.6,5.0,2.0,0.0,1.669986519482197,1.0
garments,131,7,composite difficulty,3.0,3.0,1.0,1.0,0.5955882352941176,0.5955882352941176,0.30330882352941174,1.0,0.5,0.5,0.0,0.5,0.8111116336811144,0.906981954664931,0.4,0.4,3.0,2.0,0.0,1.865527862623142,1.0
garments,131,7,duration only,3.0,3.0,1.0,1.0,0.5955882352941176,0.5955882352941176,0.30330882352941174,1.0,0.5,0.5,0.0,0.5,0.8111116336811144,0.906981954664931,0.4,0.4,3.0,2.0,0.0,1.865527862623142,1.0
garments,131,7,path_length only,3.0,3.0,1.0,1.0,0.5955882352941176,0.5955882352941176,0.30330882352941174,1.0,0.5,0.5,0.0,0.5,0.8111116336811144,0.906981954664931,0.4,0.4,3.0,2.0,0.0,1.865527862623142,1.0
garments,131,7,tortuosity only,3.0,3.0,1.0,1.0,0.5955882352941176,0.5955882352941176,0.30330882352941174,1.0,0.5,0.5,0.0,0.5,0.8111116336811144,0.906981954664931,0.4,0.4,3.0,2.0,0.0,1.865527862623142,1.0
garments,131,7,random order,3.0,3.0,-0.5,0.5,0.5955882352941176,0.6066176470588235,0.6011029411764706,1.0,1.0,1.0,0.0,1.0,0.947198368550828,0.9874147824367249,0.2,0.2,1.0,1.0,0.0,1.865527862623142,1.0
garments,131,118,composite difficulty,4.0,4.0,1.0,1.0,0.0625,0.0625,0.041666666666666664,0.0,0.6666666666666666,0.3333333333333333,0.3333333333333333,0.3333333333333333,0.6663043025987427,0.9044303929988131,0.4,0.6,4.0,2.0,0.3333333333333333,1.8140794865469474,1.0
garments,131,118,duration only,4.0,4.0,0.7999999999999999,0.6666666666666666,0.10661764705882353,0.10661764705882353,0.0625,0.0,0.6666666666666666,0.3333333333333333,0.3333333333333333,0.3333333333333333,0.670561722344794,0.9172026522369672,0.4,0.6,3.0,2.0,0.3333333333333333,1.8140794865469474,1.0
garments,131,118,path_length only,4.0,4.0,0.19999999999999998,0.3333333333333333,0.125,0.125,0.07720588235294118,0.0,0.6666666666666666,0.3333333333333333,0.6666666666666666,0.6666666666666666,0.7243913503187872,1.0,0.4,0.4,2.0,2.0,0.3333333333333333,1.8140794865469474,1.0
garments,131,118,tortuosity only,4.0,4.0,1.0,1.0,0.0625,0.0625,0.041666666666666664,0.0,0.6666666666666666,0.3333333333333333,0.3333333333333333,0.3333333333333333,0.6663043025987427,0.9044303929988131,0.4,0.6,4.0,2.0,0.3333333333333333,1.8140794865469474,1.0
garments,131,118,random order,4.0,4.0,-1.0,0.0,-0.01838235294117647,0.0625,0.041666666666666664,0.0,0.6666666666666666,0.3333333333333333,0.3333333333333333,0.3333333333333333,0.6663043025987427,0.9044303929988131,0.2,0.2,1.0,1.0,0.3333333333333333,1.8140794865469474,1.0
garments,131,11,composite difficulty,5.0,5.0,0.9999999999999999,1.0,0.5955882352941176,0.5955882352941176,0.2104779411764706,1.0,0.25,0.25,0.0,0.25,0.6892601086592041,0.906981954664931,0.4,0.4,5.0,2.0,0.0,1.6859615945633017,1.0
garments,131,11,duration only,5.0,5.0,0.8999999999999998,0.75,0.5955882352941176,0.5955882352941176,0.234375,2.0,0.25,0.25,0.0,0.25,0.6784099174966558,0.906981954664931,0.4,0.4,4.0,2.0,0.0,1.6859615945633017,1.0
garments,131,11,path_length only,5.0,5.0,0.8999999999999998,0.75,0.5955882352941176,0.5955882352941176,0.234375,2.0,0.25,0.25,0.0,0.25,0.6784099174966558,0.906981954664931,0.4,0.4,4.0,2.0,0.0,1.6859615945633017,1.0
garments,131,11,tortuosity only,5.0,5.0,0.8999999999999998,0.75,0.5955882352941176,0.5955882352941176,0.2380514705882353,3.0,0.25,0.25,0.0,0.25,0.7580063304651893,0.906981954664931,0.4,0.4,5.0,2.0,0.0,1.6859615945633017,1.0
garments,131,11,random order,5.0,5.0,0.19999999999999998,0.75,0.7463235294117647,0.7463235294117647,0.29595588235294124,1.0,0.25,0.25,0.0,0.25,0.727157323629304,0.9936576043196536,0.4,0.4,3.0,2.0,0.0,1.6859615945633017,1.0
garments,131,55,composite difficulty,4.0,4.0,1.0,1.0,0.5955882352941176,0.5955882352941176,0.25857843137254904,1.0,0.3333333333333333,0.3333333333333333,0.0,0.3333333333333333,0.7590931825033641,0.906981954664931,0.4,0.4,4.0,2.0,0.0,1.7864115859195013,1.0
garments,131,55,duration only,4.0,4.0,1.0,1.0,0.5955882352941176,0.5955882352941176,0.25857843137254904,1.0,0.3333333333333333,0.3333333333333333,0.0,0.3333333333333333,0.7590931825033641,0.906981954664931,0.4,0.4,4.0,2.0,0.0,1.7864115859195013,1.0
garments,131,55,path_length only,4.0,4.0,0.7999999999999999,0.6666666666666666,0.5955882352941176,0.5955882352941176,0.286764705882353,2.0,0.3333333333333333,0.3333333333333333,0.0,0.3333333333333333,0.8262077545301123,0.906981954664931,0.4,0.4,3.0,2.0,0.0,1.7864115859195013,1.0
garments,131,55,tortuosity only,4.0,4.0,0.7999999999999999,0.6666666666666666,0.5955882352941176,0.5955882352941176,0.286764705882353,2.0,0.3333333333333333,0.3333333333333333,0.0,0.3333333333333333,0.8262077545301123,0.906981954664931,0.4,0.4,3.0,2.0,0.0,1.7864115859195013,1.0
garments,131,55,random order,4.0,4.0,0.7999999999999999,0.6666666666666666,0.5955882352941176,0.5955882352941176,0.286764705882353,2.0,0.3333333333333333,0.3333333333333333,0.0,0.3333333333333333,0.8262077545301123,0.906981954664931,0.4,0.4,3.0,2.0,0.0,1.7864115859195013,1.0
garments,131,63,composite difficulty,4.0,4.0,1.0,1.0,0.33088235294117646,0.33088235294117646,0.19730392156862744,2.0,0.3333333333333333,0.6666666666666666,0.0,0.3333333333333333,0.8391580214915816,0.9126342446409311,0.6,0.4,4.0,3.0,0.0,1.948975123234015,1.0
garments,131,63,duration only,4.0,4.0,1.0,1.0,0.33088235294117646,0.33088235294117646,0.19730392156862744,2.0,0.3333333333333333,0.6666666666666666,0.0,0.3333333333333333,0.8391580214915816,0.9126342446409311,0.6,0.4,4.0,3.0,0.0,1.948975123234015,1.0
garments,131,63,path_length only,4.0,4.0,1.0,1.0,0.33088235294117646,0.33088235294117646,0.19730392156862744,2.0,0.3333333333333333,0.6666666666666666,0.0,0.3333333333333333,0.8391580214915816,0.9126342446409311,0.6,0.4,4.0,3.0,0.0,1.948975123234015,1.0
garments,131,63,tortuosity only,4.0,4.0,0.7999999999999999,0.6666666666666666,0.33088235294117646,0.33088235294117646,0.1997549019607843,2.0,0.3333333333333333,0.6666666666666666,0.0,0.3333333333333333,0.8590527104764715,0.9571508823456375,0.6,0.4,3.0,3.0,0.0,1.948975123234015,1.0
garments,131,63,random order,4.0,4.0,-0.7999999999999999,0.3333333333333333,0.007352941176470562,0.33088235294117646,0.1997549019607843,0.0,0.3333333333333333,0.6666666666666666,0.0,0.3333333333333333,0.8590527104764715,0.9571508823456375,0.2,0.2,2.0,1.0,0.0,1.948975123234015,1.0
garments,131,100,composite difficulty,8.0,8.0,1.0,1.0,0.08088235294117646,0.08088235294117646,0.05409663865546218,0.0,0.2857142857142857,0.14285714285714285,0.14285714285714285,0.14285714285714285,0.4513298007654793,0.9044303929988131,0.4,0.6,8.0,2.0,0.7142857142857143,1.3610341984554637,1.0
garments,131,100,duration only,8.0,8.0,0.9047619047619048,0.7142857142857143,0.15808823529411764,0.15808823529411764,0.08560924369747899,1.0,0.2857142857142857,0.14285714285714285,0.14285714285714285,0.14285714285714285,0.44782610177249316,0.9044303929988131,0.4,0.6,7.0,2.0,0.7142857142857143,1.3610341984554637,1.0
garments,131,100,path_length only,8.0,8.0,0.4523809523809524,0.5714285714285714,0.14338235294117646,0.3602941176470588,0.14233193277310924,0.0,0.2857142857142857,0.14285714285714285,0.2857142857142857,0.2857142857142857,0.4833249027978285,1.0,0.4,0.4,7.0,2.0,0.7142857142857143,1.3610341984554637,1.0
garments,131,100,tortuosity only,8.0,8.0,1.0,1.0,0.08088235294117646,0.08088235294117646,0.05409663865546218,0.0,0.2857142857142857,0.14285714285714285,0.14285714285714285,0.14285714285714285,0.4513298007654793,0.9044303929988131,0.4,0.6,8.0,2.0,0.7142857142857143,1.3610341984554637,1.0
garments,131,100,random order,8.0,8.0,-0.523809523809524,0.5714285714285714,0.19117647058823528,0.2536764705882353,0.13602941176470587,1.0,0.42857142857142855,0.2857142857142857,0.2857142857142857,0.2857142857142857,0.5949285093835976,1.0,0.2,0.2,1.0,1.0,0.2857142857142857,1.3610341984554637,1.0
garments,131,106,composite difficulty,6.0,6.0,1.0,1.0,0.0625,0.0625,0.04485294117647059,0.0,0.4,0.2,0.2,0.2,0.5126404597909184,0.9044303929988131,0.4,0.6,6.0,2.0,0.6,1.5552086143123267,1.0
garments,131,106,duration only,6.0,6.0,0.6571428571428573,0.8,0.10661764705882353,0.16176470588235295,0.07720588235294118,0.0,0.4,0.2,0.2,0.2,0.55957161086853,0.9172026522369672,0.4,0.6,5.0,2.0,0.4,1.5552086143123267,1.0
garments,131,106,path_length only,6.0,6.0,0.028571428571428574,0.4,0.17279411764705882,0.17279411764705882,0.1051470588235294,1.0,0.4,0.2,0.4,0.4,0.6166666408874165,1.0,0.4,0.4,4.0,2.0,0.2,1.5552086143123267,1.0
garments,131,106,tortuosity only,6.0,6.0,1.0,1.0,0.0625,0.0625,0.04485294117647059,0.0,0.4,0.2,0.2,0.2,0.5126404597909184,0.9044303929988131,0.4,0.6,6.0,2.0,0.6,1.5552086143123267,1.0
garments,131,106,random order,6.0,6.0,0.5428571428571429,0.4,0.17279411764705882,0.17279411764705882,0.1,1.0,0.4,0.4,0.2,0.2,0.6009283336556273,1.0,0.4,0.6,5.0,2.0,0.2,1.5552086143123267,1.0
garments,131,82,composite difficulty,2.0,2.0,0.9999999999999999,1.0,0.01838235294117647,0.01838235294117647,0.01838235294117647,0.0,1.0,1.0,0.0,0.0,0.8257388568398664,0.8257388568398664,0.4,0.4,2.0,2.0,0.0,1.7708649421371225,1.0
garments,131,82,duration only,2.0,2.0,0.9999999999999999,1.0,0.01838235294117647,0.01838235294117647,0.01838235294117647,0.0,1.0,1.0,0.0,0.0,0.8257388568398664,0.8257388568398664,0.4,0.4,2.0,2.0,0.0,1.7708649421371225,1.0
garments,131,82,path_length only,2.0,2.0,0.9999999999999999,1.0,0.01838235294117647,0.01838235294117647,0.01838235294117647,0.0,1.0,1.0,0.0,0.0,0.8257388568398664,0.8257388568398664,0.4,0.4,2.0,2.0,0.0,1.7708649421371225,1.0
garments,131,82,tortuosity only,2.0,2.0,0.9999999999999999,1.0,0.01838235294117647,0.01838235294117647,0.01838235294117647,0.0,1.0,1.0,0.0,0.0,0.8257388568398664,0.8257388568398664,0.4,0.4,2.0,2.0,0.0,1.7708649421371225,1.0
garments,131,82,random order,2.0,2.0,0.9999999999999999,1.0,0.01838235294117647,0.01838235294117647,0.01838235294117647,0.0,1.0,1.0,0.0,0.0,0.8257388568398664,0.8257388568398664,0.4,0.4,2.0,2.0,0.0,1.7708649421371225,1.0
garments,131,45,composite difficulty,5.0,5.0,0.9999999999999999,1.0,0.5955882352941176,0.5955882352941176,0.1957720588235294,1.0,0.25,0.25,0.0,0.25,0.7043009883235121,0.906981954664931,0.4,0.4,5.0,2.0,0.0,1.750850537118587,1.0
garments,131,45,duration only,5.0,5.0,0.8999999999999998,0.75,0.5955882352941176,0.5955882352941176,0.20496323529411764,1.0,0.25,0.25,0.0,0.25,0.7339430819304833,0.906981954664931,0.4,0.4,4.0,2.0,0.0,1.750850537118587,1.0
garments,131,45,path_length only,5.0,5.0,0.7,0.75,0.5955882352941176,0.5955882352941176,0.23253676470588236,2.0,0.25,0.25,0.0,0.25,0.8138438755202083,0.906981954664931,0.4,0.4,3.0,2.0,0.0,1.750850537118587,1.0
garments,131,45,tortuosity only,5.0,5.0,0.7,0.75,0.5955882352941176,0.5955882352941176,0.21875,2.0,0.25,0.25,0.0,0.25,0.7795778211225002,0.906981954664931,0.4,0.4,4.0,2.0,0.0,1.750850537118587,1.0
garments,131,45,random order,5.0,5.0,-0.6,0.5,0.5955882352941176,0.7463235294117647,0.36764705882352944,1.0,0.5,0.5,0.0,0.5,0.8323421914642702,0.9936576043196536,0.2,0.2,2.0,1.0,0.0,1.750850537118587,1.0
garments,131,31,composite difficulty,5.0,5.0,0.9999999999999999,1.0,0.5955882352941176,0.5955882352941176,0.22058823529411764,1.0,0.25,0.25,0.0,0.25,0.7459057922916841,0.906981954664931,0.4,0.4,5.0,2.0,0.0,1.7912734597336022,1.0
garments,131,31,duration only,5.0,5.0,0.9999999999999999,1.0,0.5955882352941176,0.5955882352941176,0.22058823529411764,1.0,0.25,0.25,0.0,0.25,0.7459057922916841,0.906981954664931,0.4,0.4,5.0,2.0,0.0,1.7912734597336022,1.0
garments,131,31,path_length only,5.0,5.0,0.8999999999999998,0.75,0.5955882352941176,0.5955882352941176,0.2545955882352941,2.0,0.25,0.25,0.0,0.25,0.774149913508204,0.906981954664931,0.4,0.4,4.0,2.0,0.0,1.7912734597336022,1.0
garments,131,31,tortuosity only,5.0,5.0,0.7,0.75,0.5955882352941176,0.5955882352941176,0.26838235294117646,2.0,0.25,0.25,0.0,0.25,0.819784652700221,0.906981954664931,0.4,0.4,4.0,2.0,0.0,1.7912734597336022,1.0
garments,131,31,random order,5.0,5.0,-0.49999999999999994,0.25,0.2867647058823529,0.6911764705882353,0.32996323529411764,1.0,0.25,0.25,0.0,0.25,0.8467198755042187,0.9425158227207076,0.2,0.2,3.0,1.0,0.0,1.7912734597336022,1.0
garments,131,65,composite difficulty,3.0,3.0,1.0,1.0,0.33088235294117646,0.33088235294117646,0.2922794117647059,2.0,0.5,1.0,0.0,0.5,0.9050505300159495,0.9126342446409311,0.6,0.4,3.0,3.0,0.0,1.9705575857840012,1.0
garments,131,65,duration only,3.0,3.0,1.0,1.0,0.33088235294117646,0.33088235294117646,0.2922794117647059,2.0,0.5,1.0,0.0,0.5,0.9050505300159495,0.9126342446409311,0.6,0.4,3.0,3.0,0.0,1.9705575857840012,1.0
garments,131,65,path_length only,3.0,3.0,1.0,1.0,0.33088235294117646,0.33088235294117646,0.2922794117647059,2.0,0.5,1.0,0.0,0.5,0.9050505300159495,0.9126342446409311,0.6,0.4,3.0,3.0,0.0,1.9705575857840012,1.0
garments,131,65,tortuosity only,3.0,3.0,1.0,1.0,0.33088235294117646,0.33088235294117646,0.2922794117647059,2.0,0.5,1.0,0.0,0.5,0.9050505300159495,0.9126342446409311,0.6,0.4,3.0,3.0,0.0,1.9705575857840012,1.0
garments,131,65,random order,3.0,3.0,-0.5,0.5,0.33088235294117646,0.5845588235294118,0.45772058823529416,1.0,0.5,1.0,0.0,0.5,0.9295472811683756,0.9464603176958202,0.2,0.2,1.0,1.0,0.0,1.9705575857840012,1.0
garments,131,52,composite difficulty,3.0,3.0,1.0,1.0,0.4264705882352941,0.4264705882352941,0.3786764705882353,2.0,0.5,1.0,0.0,0.5,0.9027360420951365,0.9126342446409311,0.6,0.4,3.0,3.0,0.0,1.9915713887011792,1.0
garments,131,52,duration only,3.0,3.0,1.0,1.0,0.4264705882352941,0.4264705882352941,0.3786764705882353,2.0,0.5,1.0,0.0,0.5,0.9027360420951365,0.9126342446409311,0.6,0.4,3.0,3.0,0.0,1.9915713887011792,1.0
garments,131,52,path_length only,3.0,3.0,1.0,1.0,0.4264705882352941,0.4264705882352941,0.3786764705882353,2.0,0.5,1.0,0.0,0.5,0.9027360420951365,0.9126342446409311,0.6,0.4,3.0,3.0,0.0,1.9915713887011792,1.0
garments,131,52,tortuosity only,3.0,3.0,1.0,1.0,0.4264705882352941,0.4264705882352941,0.3786764705882353,2.0,0.5,1.0,0.0,0.5,0.9027360420951365,0.9126342446409311,0.6,0.4,3.0,3.0,0.0,1.9915713887011792,1.0
garments,131,52,random order,3.0,3.0,0.5,0.5,0.7573529411764706,0.7573529411764706,0.5919117647058824,1.0,1.0,1.0,0.0,1.0,0.9366613957107737,0.9804849518722053,0.4,0.4,2.0,2.0,0.0,1.9915713887011792,1.0
garments,131,94,composite difficulty,9.0,9.0,1.0,1.0,0.08823529411764708,0.08823529411764708,0.05514705882352941,0.0,0.25,0.125,0.125,0.125,0.4282290697231066,0.9044303929988131,0.4,0.6,9.0,2.0,0.75,1.3444453713975735,1.0
garments,131,94,duration only,9.0,9.0,0.9,0.875,0.22426470588235292,0.22426470588235292,0.09558823529411764,1.0,0.25,0.125,0.125,0.125,0.46919199349413265,0.9172026522369672,0.4,0.6,9.0,2.0,0.5,1.3444453713975735,1.0
garments,131,94,path_length only,9.0,9.0,0.41666666666666663,0.625,0.22426470588235292,0.4227941176470588,0.16038602941176472,2.0,0.25,0.125,0.25,0.25,0.5145615029003552,1.0,0.4,0.4,8.0,2.0,0.375,1.3444453713975735,1.0
garments,131,94,tortuosity only,9.0,9.0,1.0,1.0,0.08823529411764708,0.08823529411764708,0.05514705882352941,0.0,0.25,0.125,0.125,0.125,0.4282290697231066,0.9044303929988131,0.4,0.6,9.0,2.0,0.75,1.3444453713975735,1.0
garments,131,94,random order,9.0,9.0,-0.6666666666666667,0.5,0.15441176470588236,0.3125,0.1498161764705882,1.0,0.375,0.125,0.375,0.375,0.5742829743154565,1.0,0.2,0.2,1.0,1.0,0.375,1.3444453713975735,1.0
garments,131,76,composite difficulty,3.0,3.0,1.0,1.0,0.6948529411764706,0.6948529411764706,0.39705882352941174,1.0,0.5,0.5,0.0,0.5,0.8257253914071446,0.9229122976357239,0.4,0.4,3.0,2.0,0.0,1.8879380470475453,1.0
garments,131,76,duration only,3.0,3.0,0.5,0.5,0.7941176470588235,0.7941176470588235,0.4466911764705882,1.0,0.5,0.5,0.0,0.5,0.859037386001478,0.9895362868243908,0.4,0.4,2.0,2.0,0.0,1.8879380470475453,1.0
garments,131,76,path_length only,3.0,3.0,1.0,1.0,0.6948529411764706,0.6948529411764706,0.39705882352941174,1.0,0.5,0.5,0.0,0.5,0.8257253914071446,0.9229122976357239,0.4,0.4,3.0,2.0,0.0,1.8879380470475453,1.0
garments,131,76,tortuosity only,3.0,3.0,1.0,1.0,0.6948529411764706,0.6948529411764706,0.39705882352941174,1.0,0.5,0.5,0.0,0.5,0.8257253914071446,0.9229122976357239,0.4,0.4,3.0,2.0,0.0,1.8879380470475453,1.0
garments,131,76,random order,3.0,3.0,-1.0,0.0,-0.09926470588235292,0.6948529411764706,0.39705882352941174,0.0,0.5,0.5,0.0,0.5,0.8257253914071446,0.9229122976357239,0.2,0.2,1.0,1.0,0.0,1.8879380470475453,1.0
garments,131,103,composite difficulty,6.0,6.0,1.0,1.0,0.10294117647058826,0.10294117647058826,0.05808823529411765,0.0,0.4,0.2,0.2,0.2,0.5259564109143591,0.9044303929988131,0.4,0.6,6.0,2.0,0.6,1.5551632945341163,1.0
garments,131,103,duration only,6.0,6.0,0.942857142857143,0.8,0.125,0.125,0.08308823529411766,0.0,0.4,0.2,0.2,0.2,0.5393308499262356,0.9172026522369672,0.4,0.6,6.0,2.0,0.4,1.5551632945341163,1.0
garments,131,103,path_length only,6.0,6.0,0.2571428571428572,0.6,0.22794117647058826,0.2720588235294118,0.16250000000000003,1.0,0.4,0.2,0.4,0.4,0.6098604851773723,1.0,0.4,0.4,5.0,2.0,0.2,1.5551632945341163,1.0
garments,131,103,tortuosity only,6.0,6.0,1.0,1.0,0.10294117647058826,0.10294117647058826,0.05808823529411765,0.0,0.4,0.2,0.2,0.2,0.5259564109143591,0.9044303929988131,0.4,0.6,6.0,2.0,0.6,1.5551632945341163,1.0
garments,131,103,random order,6.0,6.0,-0.028571428571428574,0.6,0.16911764705882354,0.29044117647058826,0.13823529411764707,1.0,0.8,0.4,0.8,0.8,0.8267380044036028,1.0,0.2,0.2,1.0,1.0,0.2,1.5551632945341163,1.0
garments,131,17,composite difficulty,5.0,5.0,0.9999999999999999,1.0,0.5955882352941176,0.5955882352941176,0.18474264705882354,1.0,0.25,0.25,0.0,0.25,0.7476476150269984,0.906981954664931,0.4,0.4,5.0,2.0,0.0,1.777865758139836,1.0
garments,131,17,duration only,5.0,5.0,0.8999999999999998,0.75,0.5955882352941176,0.5955882352941176,0.1939338235294118,1.0,0.25,0.25,0.0,0.25,0.7755068431557028,0.906981954664931,0.4,0.4,4.0,2.0,0.0,1.777865758139836,1.0
garments,131,17,path_length only,5.0,5.0,0.6,0.5,0.5955882352941176,0.5955882352941176,0.2178308823529412,1.0,0.25,0.25,0.0,0.25,0.771760383162188,0.906981954664931,0.4,0.4,3.0,2.0,0.0,1.777865758139836,1.0
garments,131,17,tortuosity only,5.0,5.0,0.09999999999999999,0.5,0.7389705882352942,0.7389705882352942,0.22334558823529413,1.0,0.25,0.25,0.0,0.25,0.7859521993933736,0.9941461318259748,0.4,0.4,2.0,2.0,0.0,1.777865758139836,1.0
garments,131,17,random order,5.0,5.0,-0.3,0.5,0.7022058823529411,0.7022058823529411,0.36580882352941174,1.0,0.5,0.5,0.0,0.5,0.8785871200930199,1.0,0.2,0.2,1.0,1.0,0.0,1.777865758139836,1.0
garments,131,92,composite difficulty,7.0,7.0,1.0,1.0,0.0625,0.0625,0.04779411764705882,0.0,0.3333333333333333,0.16666666666666666,0.16666666666666666,0.16666666666666666,0.48206306007116556,0.9044303929988131,0.4,0.6,7.0,2.0,0.6666666666666666,1.4686176465173777,1.0
garments,131,92,duration only,7.0,7.0,0.7857142857142859,0.8333333333333334,0.22426470588235292,0.22426470588235292,0.10171568627450982,1.0,0.3333333333333333,0.16666666666666666,0.16666666666666666,0.16666666666666666,0.536680291765867,0.9172026522369672,0.4,0.6,7.0,2.0,0.3333333333333333,1.4686176465173777,1.0
garments,131,92,path_length only,7.0,7.0,0.21428571428571433,0.5,0.22426470588235292,0.26838235294117646,0.16237745098039214,2.0,0.3333333333333333,0.16666666666666666,0.3333333333333333,0.3333333333333333,0.5963301901606347,1.0,0.4,0.4,6.0,2.0,0.16666666666666666,1.4686176465173777,1.0
garments,131,92,tortuosity only,7.0,7.0,1.0,1.0,0.0625,0.0625,0.04779411764705882,0.0,0.3333333333333333,0.16666666666666666,0.16666666666666666,0.16666666666666666,0.48206306007116556,0.9044303929988131,0.4,0.6,7.0,2.0,0.6666666666666666,1.4686176465173777,1.0
garments,131,92,random order,7.0,7.0,0.7142857142857144,0.5,0.1139705882352941,0.1139705882352941,0.07781862745098038,0.0,0.3333333333333333,0.3333333333333333,0.16666666666666666,0.16666666666666666,0.5321669886547672,1.0,0.4,0.6,5.0,2.0,0.5,1.4686176465173777,1.0
garments,131,108,composite difficulty,6.0,6.0,1.0,1.0,0.11397058823529413,0.11397058823529413,0.04338235294117647,0.0,0.4,0.2,0.2,0.2,0.5745999471783443,0.9577147862146868,0.4,0.6,6.0,2.0,0.4,1.5853258973301856,1.0
garments,131,108,duration only,6.0,6.0,0.8857142857142858,0.6,0.16176470588235295,0.16176470588235295,0.05441176470588236,1.0,0.4,0.2,0.2,0.2,0.5399427166755029,0.9044303929988131,0.4,0.6,5.0,2.0,0.6,1.5853258973301856,1.0
garments,131,108,path_length only,6.0,6.0,0.4285714285714286,0.8,0.11397058823529413,0.1985294117647059,0.08308823529411766,0.0,0.4,0.2,0.4,0.4,0.6179092185674336,1.0,0.4,0.4,5.0,2.0,0.4,1.5853258973301856,1.0
garments,131,108,tortuosity only,6.0,6.0,1.0,1.0,0.11397058823529413,0.11397058823529413,0.04338235294117647,0.0,0.4,0.2,0.2,0.2,0.5745999471783443,0.9577147862146868,0.4,0.6,6.0,2.0,0.4,1.5853258973301856,1.0
garments,131,108,random order,6.0,6.0,-0.2571428571428572,0.4,0.21691176470588236,0.21691176470588236,0.12132352941176469,1.0,0.6,0.4,0.6,0.6,0.716634071329668,1.0,0.4,0.4,3.0,2.0,0.4,1.5853258973301856,1.0
garments,131,0,composite difficulty,6.0,6.0,1.0,1.0,0.5955882352941176,0.5955882352941176,0.18823529411764706,1.0,0.2,0.2,0.0,0.2,0.6979871032856277,0.906981954664931,0.4,0.4,6.0,2.0,0.0,1.7210046172151001,1.0
garments,131,0,duration only,6.0,6.0,0.942857142857143,0.8,0.5955882352941176,0.5955882352941176,0.22647058823529412,3.0,0.2,0.2,0.0,0.2,0.6915665633983817,0.906981954664931,0.4,0.4,6.0,2.0,0.0,1.7210046172151001,1.0
garments,131,0,path_length only,6.0,6.0,0.942857142857143,0.8,0.5955882352941176,0.5955882352941176,0.22647058823529412,3.0,0.2,0.2,0.0,0.2,0.6915665633983817,0.906981954664931,0.4,0.4,6.0,2.0,0.0,1.7210046172151001,1.0
garments,131,0,tortuosity only,6.0,6.0,0.942857142857143,0.8,0.5955882352941176,0.5955882352941176,0.21029411764705883,3.0,0.2,0.2,0.0,0.2,0.7529840807304159,0.906981954664931,0.4,0.4,6.0,2.0,0.0,1.7210046172151001,1.0
garments,131,0,random order,6.0,6.0,-0.08571428571428573,0.6,0.9411764705882353,0.9411764705882353,0.4558823529411765,1.0,0.4,0.4,0.0,0.4,0.8250438348171352,0.9834053295389596,0.4,0.4,3.0,2.0,0.0,1.7210046172151001,1.0
garments,131,38,composite difficulty,6.0,6.0,1.0,1.0,0.5955882352941176,0.5955882352941176,0.1786764705882353,1.0,0.2,0.2,0.0,0.2,0.6918829664669124,0.906981954664931,0.4,0.4,6.0,2.0,0.0,1.6920961718212233,1.0
garments,131,38,duration only,6.0,6.0,0.942857142857143,0.8,0.5955882352941176,0.5955882352941176,0.21691176470588233,2.0,0.2,0.2,0.0,0.2,0.6782197975032915,0.906981954664931,0.4,0.4,6.0,2.0,0.0,1.6920961718212233,1.0
garments,131,38,path_length only,6.0,6.0,0.6,0.6,0.5955882352941176,0.5955882352941176,0.2683823529411765,3.0,0.2,0.2,0.0,0.2,0.7455535193722769,0.906981954664931,0.4,0.4,3.0,2.0,0.0,1.6920961718212233,1.0
garments,131,38,tortuosity only,6.0,6.0,0.942857142857143,0.8,0.5955882352941176,0.5955882352941176,0.2007352941176471,3.0,0.2,0.2,0.0,0.2,0.7468799439117007,0.906981954664931,0.4,0.4,6.0,2.0,0.0,1.6920961718212233,1.0
garments,131,38,random order,6.0,6.0,-0.3142857142857143,0.4,0.5955882352941176,0.7463235294117647,0.3772058823529412,2.0,0.4,0.4,0.0,0.4,0.7970910661966697,0.9936576043196536,0.2,0.2,1.0,1.0,0.0,1.6920961718212233,1.0
garments,131,29,composite difficulty,6.0,6.0,1.0,1.0,0.5955882352941176,0.5955882352941176,0.18088235294117647,1.0,0.2,0.2,0.0,0.2,0.7188734002924436,0.906981954664931,0.4,0.4,6.0,2.0,0.0,1.7580338558022963,1.0
garments,131,29,duration only,6.0,6.0,0.942857142857143,0.8,0.5955882352941176,0.5955882352941176,0.22941176470588234,3.0,0.2,0.2,0.0,0.2,0.7439224400916676,0.906981954664931,0.4,0.4,6.0,2.0,0.0,1.7580338558022963,1.0
garments,131,29,path_length only,6.0,6.0,1.0,1.0,0.5955882352941176,0.5955882352941176,0.18088235294117647,1.0,0.2,0.2,0.0,0.2,0.7188734002924436,0.906981954664931,0.4,0.4,6.0,2.0,0.0,1.7580338558022963,1.0
garments,131,29,tortuosity only,6.0,6.0,0.8285714285714287,0.8,0.5955882352941176,0.5955882352941176,0.2514705882352941,3.0,0.2,0.2,0.0,0.2,0.7812508168777829,0.906981954664931,0.4,0.4,6.0,2.0,0.0,1.7580338558022963,1.0
garments,131,29,random order,6.0,6.0,0.08571428571428573,0.6,0.15073529411764708,0.9044117647058824,0.26176470588235295,1.0,0.2,0.2,0.0,0.2,0.7554126330606274,1.0,0.2,0.2,5.0,1.0,0.0,1.7580338558022963,1.0
garments,131,78,composite difficulty,6.0,6.0,1.0,1.0,0.5955882352941176,0.5955882352941176,0.18161764705882352,1.0,0.2,0.2,0.0,0.2,0.6937787204045452,0.906981954664931,0.4,0.4,6.0,2.0,0.0,1.6689167081526113,1.0
garments,131,78,duration only,6.0,6.0,0.8285714285714287,0.8,0.5955882352941176,0.5955882352941176,0.23382352941176468,2.0,0.2,0.2,0.0,0.2,0.7428695983227348,0.906981954664931,0.4,0.4,4.0,2.0,0.0,1.6689167081526113,1.0
garments,131,78,path_length only,6.0,6.0,0.8285714285714287,0.8,0.7352941176470589,0.7352941176470589,0.2375,1.0,0.2,0.2,0.0,0.2,0.7189267518092821,0.948299539560744,0.4,0.4,6.0,2.0,0.0,1.6689167081526113,1.0
garments,131,78,tortuosity only,6.0,6.0,0.942857142857143,0.8,0.5955882352941176,0.5955882352941176,0.19926470588235295,1.0,0.2,0.2,0.0,0.2,0.7132526103844123,0.906981954664931,0.4,0.4,6.0,2.0,0.0,1.6689167081526113,1.0
garments,131,78,random order,6.0,6.0,0.3714285714285715,0.6,0.9080882352941176,0.9080882352941176,0.3073529411764706,1.0,0.2,0.2,0.0,0.2,0.7391337499218185,0.9875601133196892,0.4,0.4,2.0,2.0,0.0,1.6689167081526113,1.0
garments,131,59,composite difficulty,3.0,3.0,1.0,1.0,0.5955882352941176,0.5955882352941176,0.36213235294117646,1.0,0.5,0.5,0.0,0.5,0.7771363909492867,0.906981954664931,0.4,0.4,3.0,2.0,0.0,1.841645356602056,1.0
garments,131,59,duration only,3.0,3.0,1.0,1.0,0.5955882352941176,0.5955882352941176,0.36213235294117646,1.0,0.5,0.5,0.0,0.5,0.7771363909492867,0.906981954664931,0.4,0.4,3.0,2.0,0.0,1.841645356602056,1.0
garments,131,59,path_length only,3.0,3.0,1.0,1.0,0.5955882352941176,0.5955882352941176,0.36213235294117646,1.0,0.5,0.5,0.0,0.5,0.7771363909492867,0.906981954664931,0.4,0.4,3.0,2.0,0.0,1.841645356602056,1.0
garments,131,59,tortuosity only,3.0,3.0,1.0,1.0,0.5955882352941176,0.5955882352941176,0.36213235294117646,1.0,0.5,0.5,0.0,0.5,0.7771363909492867,0.906981954664931,0.4,0.4,3.0,2.0,0.0,1.841645356602056,1.0
garments,131,59,random order,3.0,3.0,0.5,0.5,0.7242647058823529,0.7242647058823529,0.4264705882352941,1.0,0.5,0.5,0.0,0.5,0.8236454136168212,1.0,0.4,0.4,2.0,2.0,0.0,1.841645356602056,1.0
garments,131,68,composite difficulty,5.0,5.0,0.9999999999999999,1.0,0.33088235294117646,0.33088235294117646,0.16819852941176472,2.0,0.25,0.5,0.0,0.25,0.8252891036615941,0.9126342446409311,0.6,0.4,5.0,3.0,0.0,1.9011611542257545,1.0
garments,131,68,duration only,5.0,5.0,0.9999999999999999,1.0,0.33088235294117646,0.33088235294117646,0.16819852941176472,2.0,0.25,0.5,0.0,0.25,0.8252891036615941,0.9126342446409311,0.6,0.4,5.0,3.0,0.0,1.9011611542257545,1.0
garments,131,68,path_length only,5.0,5.0,0.9999999999999999,1.0,0.33088235294117646,0.33088235294117646,0.16819852941176472,2.0,0.25,0.5,0.0,0.25,0.8252891036615941,0.9126342446409311,0.6,0.4,5.0,3.0,0.0,1.9011611542257545,1.0
garments,131,68,tortuosity only,5.0,5.0,0.8999999999999998,0.75,0.33088235294117646,0.33088235294117646,0.18658088235294118,2.0,0.25,0.5,0.0,0.25,0.845688205070176,0.9193408070007293,0.6,0.4,5.0,3.0,0.0,1.9011611542257545,1.0
garments,131,68,random order,5.0,5.0,0.09999999999999999,0.5,0.3419117647058824,0.5845588235294118,0.3235294117647059,2.0,0.5,0.75,0.0,0.5,0.8928725609207333,0.9492330638807289,0.6,0.4,5.0,3.0,0.0,1.9011611542257545,1.0
