episode_id,UMAP_X,UMAP_Y,UMAP_Z,cluster,cluster_label,n_frames,source,task_name,embodiment,arm_used,missing_frame_ratio,task_description,difficulty,difficulty_z,stage,curriculum_rank,coreset_rank,is_cluster_medoid
aria__2025-09-20-17-42-51-000000,-0.8302816152572632,5.915693283081055,4.484509468078613,3,Group 3,2808,aria,fold_clothes,human_bimanual,right,unknown,folding clothes,0.9411764705882353,1.182526595995838,10,259,60,False
aria__2025-09-20-17-47-54-000000,-0.6380279064178467,5.859222888946533,4.448011875152588,3,Group 3,2815,aria,fold_clothes,human_bimanual,right,unknown,folding clothes,0.7610294117647058,0.7095575811035099,10,218,120,False
aria__2025-09-20-18-05-52-000000,-0.4603566527366638,6.3259687423706055,3.6234028339385986,3,Group 3,3383,aria,fold_clothes,human_bimanual,right,unknown,folding clothes,0.9117647058823529,1.108810824667503,10,251,116,False
aria__2025-09-20-18-11-35-000000,-0.7566488981246948,5.8274760246276855,4.438857555389404,3,Group 3,3136,aria,fold_clothes,human_bimanual,right,unknown,folding clothes,0.9852941176470589,1.5300276945136198,10,270,5,False
aria__2025-09-20-18-39-18-000000,-0.8985477089881897,5.814853191375732,4.506278991699219,3,Group 3,3712,aria,fold_clothes,human_bimanual,right,unknown,folding clothes,0.9926470588235294,1.6189612125726027,10,272,102,False
aria__2025-09-20-18-44-29-000000,0.16903099417686462,6.056934833526611,3.6493730545043945,3,Group 3,2350,aria,fold_clothes,human_bimanual,right,unknown,folding clothes,0.8860294117647058,1.003047820770124,10,244,176,False
aria__2025-09-20-18-59-55-000000,-0.8132729530334473,5.69244384765625,4.42459774017334,3,Group 3,2343,aria,fold_clothes,human_bimanual,right,unknown,folding clothes,0.9595588235294118,1.4025175555059324,10,264,155,False
aria__2025-09-20-19-04-22-000000,0.004274980165064335,6.138032913208008,3.6453089714050293,3,Group 3,2472,aria,fold_clothes,human_bimanual,right,unknown,folding clothes,0.6066176470588235,0.4086707465671156,10,196,149,False
aria__2025-09-20-19-53-07-000000,0.44301265478134155,5.798998832702637,4.147754669189453,3,Group 3,2226,aria,fold_clothes,human_bimanual,right,unknown,folding clothes,0.6029411764705882,0.402340307176203,10,195,183,False
aria__2025-09-20-19-57-29-000000,-0.36130160093307495,5.690446853637695,4.568905830383301,3,Group 3,2101,aria,fold_clothes,human_bimanual,right,unknown,folding clothes,0.6801470588235294,0.5481289980320976,10,204,141,False
aria__2025-09-20-20-23-06-000000,-0.22629863023757935,6.222532749176025,3.584163188934326,3,Group 3,2607,aria,fold_clothes,human_bimanual,right,unknown,folding clothes,0.8676470588235294,0.9838064703975476,10,242,157,False
aria__2025-09-20-20-27-23-000000,-0.5917378664016724,6.111682891845703,4.315739154815674,3,Group 3,2050,aria,fold_clothes,human_bimanual,right,unknown,folding clothes,0.8419117647058824,0.9184001495772305,10,236,179,False
aria__2025-09-20-20-55-13-000000,-0.4293368458747864,5.670271873474121,4.585002422332764,3,Group 3,2329,aria,fold_clothes,human_bimanual,right,unknown,folding clothes,0.75,0.6620873353504481,10,216,166,False
aria__2025-09-20-20-59-45-000000,0.35973888635635376,6.058577537536621,3.4184024333953857,3,Group 3,2435,aria,fold_clothes,human_bimanual,right,unknown,folding clothes,0.8897058823529411,1.0298872069001637,10,245,193,True
aria__2025-09-20-21-23-13-000000,-0.2957766056060791,5.620797157287598,4.507831573486328,3,Group 3,2089,aria,fold_clothes,human_bimanual,right,unknown,folding clothes,0.8345588235294118,0.8881824620913505,10,235,50,False
aria__2025-09-20-21-27-15-000000,-0.7167381644248962,6.699342250823975,3.9180126190185547,3,Group 3,2294,aria,fold_clothes,human_bimanual,right,unknown,folding clothes,0.8602941176470589,0.971733171919475,10,240,40,False
aria__2025-09-21-20-44-10-000000,-0.45510175824165344,6.336610317230225,4.606740951538086,3,Group 3,3255,aria,fold_clothes,human_bimanual,right,unknown,folding clothes,0.7904411764705882,0.7642423780843312,10,225,28,False
aria__2025-09-21-20-50-33-000000,-0.6146560907363892,6.243645668029785,4.144376277923584,3,Group 3,2730,aria,fold_clothes,human_bimanual,right,unknown,folding clothes,0.7389705882352942,0.624909624588849,10,214,129,False
aria__2025-09-21-20-56-12-000000,-0.8312284350395203,6.531813621520996,4.987332344055176,3,Group 3,2504,aria,fold_clothes,human_bimanual,right,unknown,folding clothes,0.9889705882352942,1.5942767256607568,10,271,106,False
aria__2025-09-21-21-01-12-000000,-0.34006744623184204,6.266592502593994,4.226032257080078,3,Group 3,3528,aria,fold_clothes,human_bimanual,right,unknown,folding clothes,0.9485294117647058,1.2543409498152711,10,261,92,False
aria__2025-09-21-21-35-21-000000,-1.081222653388977,6.591258525848389,5.175897598266602,3,Group 3,2994,aria,fold_clothes,human_bimanual,left,unknown,folding clothes,1.0,1.894008311433448,10,273,15,False
aria__2025-09-21-21-40-03-000000,-0.9327396154403687,6.6570963859558105,5.036621570587158,3,Group 3,3508,aria,fold_clothes,human_bimanual,left,unknown,folding clothes,0.9522058823529411,1.2757390803676716,10,262,121,False
aria__2025-09-21-22-17-10-000000,-0.26957353949546814,6.374112129211426,3.4245147705078125,3,Group 3,3327,aria,fold_clothes,human_bimanual,right,unknown,folding clothes,0.8014705882352942,0.7999687842979428,10,227,168,False
aria__2025-09-21-22-21-41-000000,-0.9036058187484741,6.645483016967773,5.017807960510254,3,Group 3,3541,aria,fold_clothes,human_bimanual,left,unknown,folding clothes,0.8308823529411765,0.8660670906642446,10,234,83,False
aria__2025-09-22-01-56-37-000000,-0.08498766273260117,6.345852375030518,3.323110818862915,3,Group 3,3177,aria,fold_clothes,human_bimanual,right,unknown,folding clothes,0.9375,1.1781975238827351,10,258,124,False
aria__2025-09-22-02-02-19-000000,-1.0025196075439453,6.599423885345459,5.107422828674316,3,Group 3,3805,aria,fold_clothes,human_bimanual,left,unknown,folding clothes,0.9742647058823529,1.5052600017550462,10,268,132,False
aria__2025-09-22-02-19-38-000000,-1.156484842300415,6.653879642486572,5.241220474243164,3,Group 3,4240,aria,fold_clothes,human_bimanual,left,unknown,folding clothes,0.9632352941176471,1.4180666882902486,10,265,127,False
aria__2025-09-22-02-24-19-000000,-0.36674293875694275,6.518492698669434,3.2973685264587402,3,Group 3,3785,aria,fold_clothes,human_bimanual,right,unknown,folding clothes,0.9669117647058824,1.4194547183018469,10,266,56,False
aria__2025-09-22-02-31-37-000000,-0.7332435846328735,5.878667831420898,4.461241722106934,3,Group 3,3723,aria,fold_clothes,human_bimanual,right,unknown,folding clothes,0.9154411764705882,1.1187496759230073,10,252,39,False
aria__2025-09-22-02-36-16-000000,-0.3882252871990204,6.522090435028076,3.307432174682617,3,Group 3,3476,aria,fold_clothes,human_bimanual,right,unknown,folding clothes,0.9044117647058824,1.0643157798048377,10,249,142,False
aria__2025-09-22-03-09-27-000000,-1.1347452402114868,6.471720218658447,5.194682598114014,3,Group 3,3578,aria,fold_clothes,human_bimanual,left,unknown,folding clothes,0.9705882352941176,1.4296691300846789,10,267,61,False
aria__2025-09-22-03-13-58-000000,-1.0691922903060913,6.621860980987549,5.1888957023620605,3,Group 3,3659,aria,fold_clothes,human_bimanual,left,unknown,folding clothes,0.8823529411764706,0.9995252711322554,10,243,109,False
aria__2025-09-22-19-42-55-000000,0.46893012523651123,5.954642295837402,4.031517505645752,3,Group 3,2684,aria,fold_clothes,human_bimanual,right,unknown,folding clothes,0.5992647058823529,0.39932355285169635,10,194,45,False
aria__2025-09-22-19-49-07-000000,0.6898779273033142,5.9762091636657715,3.1425132751464844,3,Group 3,3892,aria,fold_clothes,human_bimanual,right,unknown,folding clothes,0.9558823529411765,1.3255210087542584,10,263,26,False
aria__2025-09-22-20-11-49-000000,-0.09183163940906525,6.669504165649414,4.409033298492432,3,Group 3,2193,aria,fold_clothes,human_bimanual,right,unknown,folding clothes,0.8639705882352942,0.9727057913998388,10,241,31,False
aria__2025-09-22-20-17-09-000000,-0.31275036931037903,6.359774112701416,4.375900745391846,3,Group 3,2700,aria,fold_clothes,human_bimanual,right,unknown,folding clothes,0.8529411764705882,0.9512180292168368,10,238,73,False
aria__2025-09-22-20-23-21-000000,0.5145355463027954,6.123371601104736,3.3264787197113037,3,Group 3,3317,aria,fold_clothes,human_bimanual,right,unknown,folding clothes,0.9338235294117647,1.1602271027727022,10,257,94,False
aria__2025-09-22-20-27-48-000000,-0.3280312418937683,6.686164379119873,4.483891487121582,3,Group 3,2398,aria,fold_clothes,human_bimanual,right,unknown,folding clothes,0.9301470588235294,1.1573988650642029,10,256,95,False
aria__2025-09-22-20-35-24-000000,-0.33653151988983154,6.541078567504883,4.154087066650391,3,Group 3,2717,aria,fold_clothes,human_bimanual,right,unknown,folding clothes,0.8933823529411765,1.037984474818702,10,246,108,False
aria__2025-09-22-20-41-18-000000,-0.12446658313274384,6.252439498901367,3.4955482482910156,3,Group 3,4900,aria,fold_clothes,human_bimanual,right,unknown,folding clothes,0.9191176470588235,1.1245231651157013,10,253,37,False
aria__2025-09-22-20-47-49-000000,1.0103505849838257,5.595082759857178,3.4957845211029053,3,Group 3,2718,aria,fold_clothes,human_bimanual,right,unknown,folding clothes,0.8161764705882353,0.8450485200443217,10,230,100,False
aria__2025-09-22-21-00-06-000000,-0.4811359941959381,6.18621826171875,4.320946216583252,3,Group 3,2689,aria,fold_clothes,human_bimanual,right,unknown,folding clothes,0.7463235294117647,0.634086998595918,10,215,161,False
aria__2025-09-22-21-04-21-000000,-0.03203454986214638,6.199073791503906,3.489018201828003,3,Group 3,3020,aria,fold_clothes,human_bimanual,right,unknown,folding clothes,0.7022058823529411,0.5784254433473857,10,208,158,False
aria__2025-09-23-19-20-34-000000,0.24814823269844055,5.812167644500732,4.372629165649414,3,Group 3,2139,aria,fold_clothes,human_bimanual,right,unknown,folding clothes,0.8566176470588235,0.9534101204727792,10,239,144,False
aria__2025-09-23-19-25-08-000000,0.6304075717926025,5.923678398132324,3.2549445629119873,3,Group 3,2585,aria,fold_clothes,human_bimanual,right,unknown,folding clothes,0.6691176470588235,0.5327041247257903,10,201,112,False
aria__2025-09-23-19-32-44-000000,-0.6911921501159668,6.161891460418701,4.2511162757873535,3,Group 3,2277,aria,fold_clothes,human_bimanual,right,unknown,folding clothes,0.7830882352941176,0.7449751727383316,10,224,134,False
aria__2025-09-23-19-37-29-000000,-0.6629998087882996,6.781193256378174,4.015307903289795,3,Group 3,2055,aria,fold_clothes,human_bimanual,left,unknown,folding clothes,0.8455882352941176,0.9302478708413082,10,237,78,False
aria__2025-09-23-20-14-31-000000,-0.836347222328186,6.5174455642700195,3.781735420227051,3,Group 3,2713,aria,fold_clothes,human_bimanual,right,unknown,folding clothes,0.8088235294117647,0.8287687522155601,10,229,79,False
aria__2025-09-23-20-19-39-000000,-0.014088493771851063,6.10523796081543,4.443802356719971,3,Group 3,2649,aria,fold_clothes,human_bimanual,right,unknown,folding clothes,0.9816176470588235,1.5244152976383258,10,269,76,False
aria__2025-09-23-20-30-13-000000,-0.6479364037513733,5.795143127441406,4.3769330978393555,3,Group 3,2368,aria,fold_clothes,human_bimanual,right,unknown,folding clothes,0.9448529411764706,1.2365554268115058,10,260,51,False
aria__2025-09-23-20-34-49-000000,-0.7690743207931519,6.533951282501221,3.6389782428741455,3,Group 3,3036,aria,fold_clothes,human_bimanual,right,unknown,folding clothes,0.9227941176470589,1.1245923248537812,10,254,10,False
aria__2025-09-23-21-10-33-000000,0.6337969899177551,5.849208831787109,4.01350736618042,3,Group 3,2340,aria,fold_clothes,human_bimanual,right,unknown,folding clothes,0.7352941176470589,0.6226570394709605,10,213,164,False
aria__2025-09-23-21-14-51-000000,-0.31082403659820557,5.971142768859863,4.425462245941162,3,Group 3,1946,aria,fold_clothes,human_bimanual,right,unknown,folding clothes,0.7573529411764706,0.6979103833261452,10,217,114,False
aria__2025-09-23-21-34-16-000000,0.4271409511566162,6.002434730529785,3.4664528369903564,3,Group 3,2966,aria,fold_clothes,human_bimanual,right,unknown,folding clothes,0.8235294117647058,0.8649559966950693,10,232,74,False
aria__2025-09-23-21-38-55-000000,-0.1327791064977646,5.971676349639893,4.537491321563721,3,Group 3,2981,aria,fold_clothes,human_bimanual,right,unknown,folding clothes,0.7647058823529411,0.7147948310353612,10,219,143,False
aria__2025-09-23-21-58-00-000000,0.1262332946062088,5.942910671234131,4.438504695892334,3,Group 3,2272,aria,fold_clothes,human_bimanual,right,unknown,folding clothes,0.7757352941176471,0.7325935614838337,10,222,20,False
aria__2025-09-23-22-15-03-000000,-0.7568009495735168,6.387059688568115,3.7541773319244385,3,Group 3,2312,aria,fold_clothes,human_bimanual,right,unknown,folding clothes,0.6764705882352942,0.5479507541267955,10,203,68,False
aria__2025-09-23-22-43-03-000000,1.0154693126678467,5.675101280212402,3.6435346603393555,3,Group 3,2519,aria,fold_clothes,human_bimanual,right,unknown,folding clothes,0.8272058823529411,0.8659938064144569,10,233,12,False
aria__2025-09-23-22-47-12-000000,0.5201563239097595,5.904648780822754,4.196313381195068,3,Group 3,2371,aria,fold_clothes,human_bimanual,right,unknown,folding clothes,0.7279411764705882,0.6122935862660072,10,211,119,False
aria__2025-09-24-03-12-23-000000,0.6116901636123657,5.492557525634766,3.869662046432495,3,Group 3,1920,aria,fold_clothes,human_bimanual,right,unknown,folding clothes,0.7242647058823529,0.602262616688953,10,210,162,False
aria__2025-09-24-03-15-53-000000,1.1238245964050293,5.589389324188232,3.01066255569458,3,Group 3,2308,aria,fold_clothes,human_bimanual,right,unknown,folding clothes,0.6102941176470589,0.40881848713976277,10,197,173,False
aria__2025-09-24-03-19-17-000000,0.8305728435516357,5.391848564147949,3.7336599826812744,3,Group 3,1890,aria,fold_clothes,human_bimanual,right,unknown,folding clothes,0.6875,0.5574700533107899,10,205,135,False
aria__2025-09-24-03-30-47-000000,1.2500039339065552,5.403666019439697,3.2520124912261963,3,Group 3,1690,aria,fold_clothes,human_bimanual,right,unknown,folding clothes,0.6213235294117647,0.44164757903544233,10,198,107,False
aria__2025-09-24-03-34-16-000000,0.97597336769104,5.249008655548096,3.5410776138305664,3,Group 3,2288,aria,fold_clothes,human_bimanual,right,unknown,folding clothes,0.5919117647058824,0.38280155108716973,10,192,41,False
aria__2025-09-24-03-55-38-000000,0.5752588510513306,5.848811626434326,4.038966178894043,3,Group 3,1616,aria,fold_clothes,human_bimanual,right,unknown,folding clothes,0.5955882352941176,0.3965831741169579,10,193,167,False
aria__2025-09-24-03-59-06-000000,1.0117409229278564,5.283195972442627,3.576253890991211,3,Group 3,1673,aria,fold_clothes,human_bimanual,right,unknown,folding clothes,0.5845588235294118,0.3544590310825115,10,191,153,False
aria__2025-09-24-04-02-36-000000,0.9884626269340515,5.594825267791748,3.1894073486328125,3,Group 3,2392,aria,fold_clothes,human_bimanual,right,unknown,folding clothes,0.6948529411764706,0.5712109972178834,10,207,58,False
aria__2025-09-24-04-07-27-000000,0.4029684066772461,5.473501682281494,4.038113594055176,3,Group 3,1624,aria,fold_clothes,human_bimanual,right,unknown,folding clothes,0.7316176470588235,0.6188050398325696,10,212,59,False
aria__2025-09-24-04-10-46-000000,1.2408909797668457,5.462620735168457,3.434959650039673,3,Group 3,2056,aria,fold_clothes,human_bimanual,right,unknown,folding clothes,0.6727941176470589,0.5427205672688693,10,202,71,False
aria__2025-09-24-04-14-10-000000,0.795136570930481,5.769828796386719,3.2877626419067383,3,Group 3,2250,aria,fold_clothes,human_bimanual,right,unknown,folding clothes,0.7720588235294118,0.7313886569337189,10,221,180,False
aria__2025-09-24-04-35-30-000000,1.0910216569900513,5.157700538635254,3.5732154846191406,3,Group 3,1973,aria,fold_clothes,human_bimanual,right,unknown,folding clothes,0.8198529411764706,0.8533198431517457,10,231,146,False
aria__2025-09-24-04-38-51-000000,0.6807882785797119,5.880104064941406,3.144728183746338,3,Group 3,2064,aria,fold_clothes,human_bimanual,right,unknown,folding clothes,0.9264705882352942,1.1294801784355482,10,255,182,False
aria__2025-09-24-04-43-51-000000,-0.8152516484260559,6.352001667022705,4.069610595703125,3,Group 3,1756,aria,fold_clothes,human_bimanual,right,unknown,folding clothes,0.7683823529411765,0.7229062524502297,10,220,154,False
aria__2025-09-24-04-47-05-000000,1.147698163986206,5.546881198883057,3.2567453384399414,3,Group 3,1381,aria,fold_clothes,human_bimanual,right,unknown,folding clothes,0.6580882352941176,0.4981032482365596,10,200,70,False
aria__2025-09-24-04-50-31-000000,0.9707743525505066,5.622869968414307,3.319798231124878,3,Group 3,2230,aria,fold_clothes,human_bimanual,right,unknown,folding clothes,0.7794117647058824,0.7389156654381392,10,223,170,False
aria__2025-09-24-05-09-51-000000,1.089959740638733,5.155634880065918,3.5415256023406982,3,Group 3,1599,aria,fold_clothes,human_bimanual,right,unknown,folding clothes,0.8970588235294118,1.0402722605729064,10,247,105,False
aria__2025-09-24-05-17-51-000000,1.2704209089279175,5.343088626861572,3.376985549926758,3,Group 3,2097,aria,fold_clothes,human_bimanual,right,unknown,folding clothes,0.7941176470588235,0.7771063420214578,10,226,163,False
aria__2025-09-24-05-21-13-000000,0.5759561061859131,5.955305099487305,3.302865982055664,3,Group 3,1949,aria,fold_clothes,human_bimanual,right,unknown,folding clothes,0.9007352941176471,1.0528223663079306,10,248,140,False
aria__2025-09-24-05-25-40-000000,0.7347363829612732,5.722161769866943,3.407186269760132,3,Group 3,2331,aria,fold_clothes,human_bimanual,right,unknown,folding clothes,0.9080882352941176,1.0685249030168262,10,250,189,False
aria__2025-09-24-05-29-17-000000,0.36340510845184326,5.646628379821777,4.3005051612854,3,Group 3,1943,aria,fold_clothes,human_bimanual,right,unknown,folding clothes,0.6911764705882353,0.5615431374753476,10,206,128,False
mecka__flagship__69199812208123403bbdb24f,6.913923263549805,1.6972991228103638,1.2470499277114868,1,Group 1,3046,mecka,unknown,human_bimanual,right,unknown,,0.5404411764705882,0.204902866284846,6,140,103,False
mecka__flagship__6919981ce505b65c9daf6564,9.250368118286133,0.40898969769477844,0.7842642068862915,0,Group 0,2906,mecka,unknown,human_bimanual,right,0.0441,,0.5183823529411765,0.15993125536989453,1,104,54,False
mecka__flagship__6919982585b31c2eca6b86d4,6.409709930419922,1.6626797914505005,1.7164262533187866,1,Group 1,3237,mecka,unknown,human_bimanual,right,0.0446,,0.5477941176470589,0.23049860631841912,6,141,25,False
mecka__flagship__691999090391c9314f9eda5e,7.495842456817627,1.6931325197219849,2.521806478500366,4,Group 4,3175,mecka,debug,human_bimanual,left,unknown,"The user folds two pieces of patterned fabric, a purple floral cloth and a white patterned cloth, and stacks them.",0.45588235294117646,-0.032743012642285865,8,169,130,False
mecka__flagship__6919990b1830780f59ca1fee,7.434266090393066,1.7968132495880127,2.4089667797088623,3,Group 3,3757,mecka,debug,human_bimanual,right,unknown,Folding various garments including a floral shirt and white trousers on a flat surface and placing them in a stack.,0.7132352941176471,0.5899989170009258,10,209,63,False
mecka__flagship__6919a428b9052da48a361cb9,7.687174320220947,2.036480188369751,1.6725233793258667,1,Group 1,3074,mecka,unknown,human_bimanual,right,0.0418,,0.8125,0.8307735916103289,6,157,34,False
mecka__flagship__6919a477d71e24d18fb977c8,7.936426162719727,2.05383038520813,1.249500036239624,1,Group 1,3492,mecka,unknown,human_bimanual,right,0.0295,,0.9779411764705882,1.5085304570623066,6,160,115,False
mecka__flagship__6919a4d7e7e9255d40a3c54e,8.33881664276123,1.7261919975280762,1.571007490158081,5,Group 5,3140,mecka,unknown,human_bimanual,right,0.0129,,0.5625,0.27956267855686545,5,120,9,False
mecka__flagship__6919a4d963a8657856cb1ac3,7.877273082733154,2.092525005340576,1.162163257598877,1,Group 1,3432,mecka,unknown,human_bimanual,right,0.0219,,0.7867647058823529,0.7463429592922298,6,155,65,False
mecka__flagship__6919a4dd3fe0708a884fa8ea,11.241068840026855,3.677528142929077,3.2880680561065674,0,Group 0,3488,mecka,unknown,human_bimanual,right,0.0091,,0.4375,-0.10178221728508824,1,96,67,False
mecka__flagship__6919a4ddc5f67a370a3f0878,7.205146789550781,1.1565930843353271,1.698960781097412,9,Group 9,2969,mecka,unknown,human_bimanual,right,0.0097,,0.5257352941176471,0.1750208523534966,2,110,42,False
mecka__flagship__6919a534d71e24d18fb977d1,7.888118743896484,1.594645380973816,1.1047024726867676,1,Group 1,3283,mecka,unknown,human_bimanual,right,0.0135,,0.5698529411764706,0.30923256117197134,6,143,55,False
mecka__flagship__6919a67a305cc0c53d1ce466,8.408391952514648,1.1175974607467651,1.604733943939209,0,Group 0,3046,mecka,unknown,human_bimanual,right,0.0139,,0.6286764705882353,0.45826454438930136,1,105,89,False
mecka__flagship__6919a705c21d5a0ed3440b11,7.019090175628662,1.3397166728973389,1.2452229261398315,8,Group 8,3581,mecka,unknown,human_bimanual,right,0.0047,,0.4117647058823529,-0.20700637784871892,3,114,72,False
mecka__flagship__6919a71058534bb69bfa91fd,7.193339824676514,1.3588688373565674,1.223196029663086,8,Group 8,2377,mecka,unknown,human_bimanual,right,0.0088,,0.3639705882352941,-0.49737899426223614,3,113,96,False
mecka__flagship__6919a72233263918bfb8fd8e,8.778212547302246,0.27540257573127747,1.4642707109451294,0,Group 0,3521,mecka,unknown,human_bimanual,right,0.0214,,0.6470588235294118,0.4913397675855636,1,106,98,False
mecka__flagship__6919ab26e2e164a8f6cb5a34,7.841860771179199,1.9291352033615112,2.9827311038970947,3,Group 3,2981,mecka,unknown,human_bimanual,right,0.0057,,0.40441176470588236,-0.28552856825512585,10,187,110,False
mecka__flagship__6919ab39e2e164a8f6cb5a36,9.131551742553711,-0.5367391109466553,1.877685546875,0,Group 0,2675,mecka,unknown,human_bimanual,right,0.0085,,0.38235294117647056,-0.4439823331576777,1,88,90,False
mecka__flagship__6919ab54a950c44cad111324,8.18017864227295,1.7428497076034546,1.8080036640167236,1,Group 1,3226,mecka,unknown,human_bimanual,right,0.0037,,0.7058823529411765,0.5845709725123696,6,152,38,False
mecka__flagship__6919b04323e5ac6d83812186,7.642058372497559,2.1844279766082764,0.8765350580215454,3,Group 3,3814,mecka,unknown,human_bimanual,right,0.0109,,0.6544117647058824,0.4953108115468209,10,199,93,False
mecka__flagship__6919b04fdd03fdca3dfe1406,7.710206508636475,2.200411319732666,1.6486599445343018,3,Group 3,3317,mecka,unknown,human_bimanual,right,0.0175,,0.5808823529411765,0.34821438155101553,10,190,19,False
mecka__flagship__6919b063e4a786d79354fd85,7.101848125457764,2.087871789932251,2.024052143096924,0,Group 0,3116,mecka,unknown,human_bimanual,right,0.0287,,0.45955882352941174,-0.02811385288092767,1,99,104,False
mecka__flagship__6919b070aefd2d0c9b0a39a8,6.70876932144165,1.6343963146209717,2.128866195678711,1,Group 1,3167,mecka,unknown,human_bimanual,right,0.0362,,0.5073529411764706,0.11042479132592045,6,136,136,False
mecka__flagship__6919b3962713b08c1b70f2ea,8.532318115234375,0.08154714852571487,1.4196860790252686,2,Group 2,3421,mecka,unknown,human_bimanual,right,0.0492,,0.6397058823529411,0.4692623539562589,7,164,14,False
mecka__flagship__6919b40e403630aa8cab65a5,6.964211463928223,2.74181866645813,3.7968461513519287,4,Group 4,3435,mecka,unknown,human_bimanual,left,0.0107,,0.46691176470588236,-0.02349377720352725,8,170,7,False
mecka__flagship__6919b419f7961ed77b78a469,6.781126499176025,2.659022092819214,3.782758951187134,4,Group 4,3583,mecka,unknown,human_bimanual,right,0.0042,,0.6838235294117647,0.5486845017799571,8,180,148,False
mecka__flagship__6919b41dbc700d5129d95da9,7.037178039550781,2.5651018619537354,3.6340184211730957,4,Group 4,3550,mecka,unknown,human_bimanual,left,0.0133,,0.5772058823529411,0.34516731911539494,8,176,184,False
mecka__flagship__6919ba8d03f554cfca37261e,7.221778869628906,1.8033767938613892,2.5362002849578857,4,Group 4,3262,mecka,unknown,human_bimanual,left,0.0109,,0.8492647058823529,0.9317836292165492,8,184,126,False
mecka__flagship__6919ba8d63a8657856cb1bb2,7.514547348022461,2.0696680545806885,2.9611902236938477,4,Group 4,3256,mecka,unknown,human_bimanual,left,0.0127,,0.4522058823529412,-0.04919828142187321,8,168,77,False
mecka__flagship__6919ba92b9c9a8705ad32a1d,6.624180793762207,1.5831061601638794,2.1707096099853516,1,Group 1,3241,mecka,unknown,human_bimanual,right,0.0173,,0.7977941176470589,0.784801441808523,6,156,62,False
mecka__flagship__6919ba93184bf01d5885f03e,7.677268981933594,1.938878059387207,2.9070634841918945,4,Group 4,3282,mecka,unknown,human_bimanual,left,0.0052,,0.7095588235294118,0.5890801300253725,8,181,151,False
mecka__flagship__6919ba98a1e6f8651843555e,7.126824855804443,1.7005743980407715,2.66847562789917,6,Group 6,3266,mecka,unknown,human_bimanual,right,0.0097,,0.47794117647058826,0.02839931120545152,4,117,16,True
mecka__flagship__6919bb1f23e5ac6d83812215,8.214045524597168,1.8970922231674194,2.9871857166290283,0,Group 0,1460,mecka,unknown,human_bimanual,right,0.1742,,0.2647058823529412,-0.7535855840606591,1,60,6,False
mecka__flagship__6919bc10a630567cbcec88c2,7.863080024719238,1.5310510396957397,2.183917760848999,4,Group 4,3028,mecka,unknown,human_bimanual,right,0.0381,,0.6654411764705882,0.5062082914350575,8,179,139,False
mecka__flagship__6919be0594bc79c44285c8bc,7.4109110832214355,1.2955337762832642,1.1959110498428345,1,Group 1,2783,mecka,unknown,human_bimanual,right,0.1468,,0.5147058823529411,0.14045011029604215,6,138,171,False
mecka__flagship__6919be26b9052da48a361df1,7.588381290435791,1.7285816669464111,2.5415279865264893,4,Group 4,3243,mecka,unknown,human_bimanual,right,0.0131,,0.47058823529411764,-0.005716258758975895,8,171,52,False
mecka__flagship__6919be3494bc79c44285c8c2,8.123390197753906,1.5678476095199585,2.781892776489258,6,Group 6,1563,mecka,unknown,human_bimanual,right,0.0784,,0.26838235294117646,-0.742699068236384,4,116,36,False
mecka__flagship__6919c30ce7e9255d40a3c6a3,7.5755486488342285,2.0589170455932617,2.1939752101898193,0,Group 0,2629,mecka,unknown,human_bimanual,right,0.0769,,0.44485294117647056,-0.09609548125292233,1,98,111,False
mecka__flagship__6919c30f919b0f252a0a4ec9,8.86290454864502,-0.39886242151260376,1.9384875297546387,1,Group 1,3586,mecka,unknown,human_bimanual,right,unknown,,0.6985294117647058,0.5768215843284771,6,151,21,False
mecka__flagship__6919c34819dfc7da00b1e40e,7.3946733474731445,2.1899211406707764,2.159630060195923,0,Group 0,2778,mecka,unknown,human_bimanual,left,0.0486,,0.4963235294117647,0.09164369901134195,1,102,8,False
mecka__flagship__6919c34bb9052da48a361e59,6.772955894470215,1.8889693021774292,2.0377063751220703,1,Group 1,3474,mecka,unknown,human_bimanual,right,0.0345,,0.48161764705882354,0.03474669609936013,6,133,84,False
mecka__flagship__6919c34be4a786d79354fe8c,8.069730758666992,2.095529079437256,0.6637209057807922,0,Group 0,2792,mecka,unknown,human_bimanual,right,0.1264,,0.4632352941176471,-0.02765120518294428,1,100,23,False
mecka__flagship__6919c34e919b0f252a0a4ecf,6.701288223266602,1.848926305770874,1.9894274473190308,1,Group 1,3476,mecka,unknown,human_bimanual,right,0.0339,,0.5882352941176471,0.36591735086028254,6,144,29,False
mecka__flagship__6919c37719dfc7da00b1e412,7.477771282196045,2.2455129623413086,2.0934536457061768,2,Group 2,2414,mecka,unknown,human_bimanual,left,0.0614,,0.43014705882352944,-0.14540428496853594,7,162,69,False
mecka__flagship__6919c378bc700d5129d95e6a,6.379034042358398,1.608201503753662,1.8867576122283936,1,Group 1,3203,mecka,unknown,human_bimanual,right,0.1098,,0.6433823529411765,0.47134548182381086,6,149,87,False
mecka__flagship__6919c37b184bf01d5885f09a,8.457895278930664,2.306912422180176,2.143807888031006,0,Group 0,3204,mecka,unknown,human_bimanual,right,0.0285,,0.5,0.09616017887248132,1,103,82,False
mecka__flagship__6919c5d158534bb69bfa9312,8.021728515625,1.320855975151062,0.9924917221069336,1,Group 1,2824,mecka,unknown,human_bimanual,right,0.0188,,0.5294117647058824,0.18242801249805557,6,139,22,False
mecka__flagship__6919c7d4184bf01d5885f0d0,6.907545566558838,2.432016134262085,3.563642978668213,4,Group 4,2754,mecka,unknown,human_bimanual,right,0.0164,,0.4338235294117647,-0.11226711274905456,8,166,86,False
mecka__flagship__6919cae26c4a65fef152e853,8.295108795166016,0.5700823068618774,1.3835557699203491,9,Group 9,3412,mecka,unknown,human_bimanual,right,0.0517,,0.5441176470588235,0.22239263350685043,2,111,117,False
mecka__flagship__6919cbb2cbf468ce65a02d95,6.827330112457275,2.574439287185669,3.633530378341675,4,Group 4,3396,mecka,unknown,human_bimanual,right,0.0151,,0.6507352941176471,0.49299747960649754,8,178,165,False
mecka__flagship__6919cc33a6a3fc2efb40b7ab,7.2110514640808105,1.9196697473526,1.1816177368164062,1,Group 1,3235,mecka,unknown,human_bimanual,left,0.0279,,0.8713235294117647,0.9876950040135386,6,158,122,False
mecka__flagship__6919cc39bc700d5129d95ef4,7.272661209106445,2.066579580307007,0.9025591611862183,1,Group 1,3023,mecka,unknown,human_bimanual,left,0.0153,,0.625,0.4544178966365476,6,147,33,False
mecka__flagship__6919cdf433263918bfb8feac,7.452101230621338,2.2862765789031982,3.417259454727173,4,Group 4,2857,mecka,unknown,human_bimanual,right,0.062,,0.8382352941176471,0.8993948341553984,8,183,18,False
mecka__flagship__6919ce3de4a786d79354fefd,8.193041801452637,1.886239767074585,1.3439600467681885,5,Group 5,2900,mecka,unknown,human_bimanual,right,0.0068,,0.41544117647058826,-0.20604864135552248,5,118,138,True
mecka__flagship__6919ce42a1e6f86518435620,8.336610794067383,1.9542819261550903,1.3337053060531616,5,Group 5,2608,mecka,unknown,human_bimanual,right,0.0341,,0.5330882352941176,0.19288797564232243,5,119,44,False
mecka__flagship__6919ce9a23e5ac6d83812312,6.319619178771973,1.5812326669692993,2.455016851425171,1,Group 1,2936,mecka,unknown,human_bimanual,right,0.0207,,0.5661764705882353,0.302388617503683,6,142,160,False
mecka__flagship__6919ce9aa6a3fc2efb40b7d7,6.182888031005859,1.5303916931152344,2.3134734630584717,1,Group 1,2967,mecka,unknown,human_bimanual,right,0.0103,,0.4889705882352941,0.08309660846579871,6,135,4,False
mecka__flagship__6919ce9be4a786d79354ff03,6.171991348266602,1.5588183403015137,2.3566298484802246,1,Group 1,2956,mecka,unknown,human_bimanual,right,0.014,,0.9963235294117647,1.785595034146101,6,161,185,False
mecka__flagship__6919ce9ca950c44cad11145c,6.231542587280273,1.5575841665267944,2.3209228515625,1,Group 1,2972,mecka,unknown,human_bimanual,right,0.0087,,0.875,0.9955830105209212,6,159,187,False
mecka__flagship__6919cea1c3b1a4e5a90aca90,6.2331037521362305,1.5706144571304321,2.308088779449463,1,Group 1,2926,mecka,unknown,human_bimanual,right,0.024,,0.5110294117647058,0.1350904455490618,6,137,169,False
mecka__flagship__6919cf0923e5ac6d83812314,7.027124404907227,1.6830192804336548,1.5220611095428467,1,Group 1,3541,mecka,unknown,human_bimanual,right,0.0158,,0.6617647058823529,0.49989535657513734,6,150,13,False
mecka__flagship__6919d061a6a3fc2efb40b7e6,1.0184272527694702,5.654463768005371,4.013666152954102,3,Group 3,3508,mecka,unknown,human_bimanual,right,0.0085,,0.5514705882352942,0.24700517831186627,10,188,80,False
mecka__flagship__6919d102a950c44cad111481,7.13353157043457,1.3988791704177856,1.080454707145691,8,Group 8,3543,mecka,unknown,human_bimanual,right,0.0153,,0.5220588235294118,0.17425528519299482,3,115,3,True
mecka__flagship__6919d1193fe0708a884faab6,6.594895839691162,1.6998594999313354,2.07731294631958,1,Group 1,3546,mecka,unknown,human_bimanual,left,0.0145,,0.7169117647058824,0.5920466952292378,6,153,99,False
mecka__flagship__6919d341a6a3fc2efb40b826,9.206528663635254,-0.14291562139987946,1.587685465812683,2,Group 2,3538,mecka,unknown,human_bimanual,right,0.0084,,0.5588235294117647,0.2625409202108264,7,163,35,True
mecka__flagship__6919d369a6a3fc2efb40b82a,6.796896457672119,2.603529930114746,3.569091558456421,4,Group 4,3500,mecka,unknown,human_bimanual,left,0.0193,,0.6323529411764706,0.45903569172673414,8,177,125,False
mecka__flagship__6919d3b833263918bfb8feda,6.800826549530029,2.6662683486938477,3.762136459350586,4,Group 4,2436,mecka,unknown,human_bimanual,left,0.009,,0.4007352941176471,-0.3275472856343075,8,165,178,False
mecka__flagship__6919d3ca4fdde36d01852080,7.022951126098633,2.6317906379699707,3.6520638465881348,4,Group 4,2794,mecka,unknown,human_bimanual,left,0.0064,,0.7426470588235294,0.6305328466885413,8,182,191,True
mecka__flagship__6919d3cd63a8657856cb1d17,6.721712112426758,2.709247350692749,3.8112354278564453,4,Group 4,3760,mecka,unknown,human_bimanual,left,0.0126,,0.5036764705882353,0.10429384300811481,8,173,145,False
mecka__flagship__6919d3cf19dfc7da00b1e4b2,6.846682548522949,2.760157823562622,3.8786208629608154,4,Group 4,3676,mecka,unknown,human_bimanual,right,0.0273,,0.5367647058823529,0.1931925721576509,8,174,177,False
mecka__flagship__6919d3cf403630aa8cab66f1,6.710082054138184,2.7034072875976562,3.794417381286621,4,Group 4,2882,mecka,unknown,human_bimanual,right,0.0089,,0.4485294117647059,-0.057226440566933906,8,167,181,False
mecka__flagship__6919d514a6a3fc2efb40b857,7.635517120361328,2.102525472640991,2.9756646156311035,4,Group 4,2127,mecka,unknown,human_bimanual,right,0.1214,,0.5735294117647058,0.33104243233786745,8,175,46,False
mecka__flagship__6919dad4a2ccfcd9f61d6237,1.1066077947616577,6.129560470581055,3.59147047996521,3,Group 3,3559,mecka,unknown,human_bimanual,right,0.0108,,0.8051470588235294,0.8236118862331867,10,228,101,False
mecka__flagship__6919dad559dcaa2ef013f212,1.2667970657348633,6.074779510498047,3.4906933307647705,3,Group 3,3521,mecka,unknown,human_bimanual,right,0.0214,,0.5551470588235294,0.25530137082133475,10,189,32,False
mecka__flagship__6919dc40184bf01d5885f16d,7.326266288757324,2.4172627925872803,3.506220579147339,4,Group 4,3436,mecka,unknown,human_bimanual,right,0.045,,0.8786764705882353,0.9974564932376647,8,185,75,False
mecka__flagship__6919e372305cc0c53d1ce6f8,6.959631443023682,1.5651304721832275,1.42730712890625,1,Group 1,3722,mecka,unknown,human_bimanual,right,0.0069,,0.6139705882352942,0.413633596907669,6,145,27,False
mecka__flagship__6919e37c2713b08c1b70f50e,7.617581367492676,2.0871975421905518,3.108588695526123,4,Group 4,2546,mecka,unknown,human_bimanual,right,0.0124,,0.49264705882352944,0.08952970402102241,8,172,11,False
mecka__flagship__6919e7d4d71e24d18fb97ac6,7.463980674743652,1.840040922164917,0.7465729117393494,1,Group 1,3007,mecka,unknown,human_bimanual,right,0.0109,,0.6360294117647058,0.46304380722560323,6,148,47,False
mecka__flagship__6919e7dfc3b1a4e5a90acbcd,7.389676570892334,1.7965471744537354,0.8466137051582336,1,Group 1,3426,mecka,unknown,human_bimanual,right,0.0064,,0.6176470588235294,0.4248693245168171,6,146,152,False
mecka__flagship__6919e7e319dfc7da00b1e57a,7.609820365905762,1.928213357925415,0.7787166237831116,1,Group 1,3128,mecka,unknown,human_bimanual,right,0.0157,,0.7536764705882353,0.6669442917895104,6,154,91,False
scale__2026-04-30-09-01-39-214009,8.569626808166504,0.032667167484760284,1.148726224899292,9,Group 9,511,scale,freeform_placing_utensils_into_a_drawer,human_left_arm,left,unknown,Placing utensils into a drawer,0.20404411764705882,-0.8628820678578668,2,108,30,True
scale__2026-04-30-09-17-09-518391,8.595744132995605,0.13770286738872528,0.9953064322471619,9,Group 9,511,scale,freeform_placing_utensils_into_a_drawer,human_left_arm,left,unknown,Placing utensils into a drawer,0.20404411764705882,-0.8628820678578668,2,109,273,False
scale__2026-04-30-09-33-02-777754,6.5704803466796875,2.3975656032562256,3.2392730712890625,1,Group 1,1167,scale,flagship_sort_utensils,human_left_arm,left,unknown,Sort utensils,0.09926470588235294,-1.022335957209614,6,126,43,False
scale__2026-04-30-09-42-45-274476,8.289144515991211,1.0579577684402466,1.7405225038528442,9,Group 9,835,scale,freeform_hang_shirt_on_hanger_and_place_on_rack,human_bimanual,right,unknown,Hang shirt on hanger and place on rack,0.029411764705882353,-1.2505564680985,2,107,88,False
scale__2026-04-30-09-43-12-362365,8.45733642578125,1.2529454231262207,1.7127271890640259,0,Group 0,562,scale,freeform_sort_laundry_by_type_and_color,human_bimanual,right,unknown,Sort laundry by type and color,0.022058823529411766,-1.3107650368876749,1,4,113,False
scale__2026-04-30-09-44-12-558682,7.833953380584717,1.4959931373596191,1.076589584350586,0,Group 0,485,scale,freeform_sort_laundry_by_type_and_color,human_bimanual,right,unknown,Sort laundry by type and color,0.01838235294117647,-1.3536777523148793,1,3,123,False
scale__2026-04-30-09-44-25-441677,8.342535972595215,1.5139384269714355,2.8101227283477783,0,Group 0,1614,scale,freeform_hang_shirt_on_hanger_and_place_on_rack,human_bimanual,right,unknown,Hang shirt on hanger and place on rack,0.33088235294117646,-0.6225288711629278,1,76,64,False
scale__2026-04-30-09-45-04-358990,7.902610778808594,1.369067668914795,1.8285492658615112,1,Group 1,532,scale,freeform_sort_laundry_by_type_and_color,human_bimanual,left,unknown,Sort laundry by type and color,0.08455882352941177,-1.0353663489483163,6,124,24,False
scale__2026-04-30-09-45-48-639800,8.312448501586914,1.907991886138916,2.8380205631256104,0,Group 0,468,scale,freeform_sort_laundry_by_type_and_color,human_bimanual,left,unknown,Sort laundry by type and color,0.03308823529411765,-1.2467260969296918,1,6,174,False
scale__2026-04-30-09-46-22-829609,8.019676208496094,2.1339704990386963,2.889113426208496,0,Group 0,474,scale,freeform_sort_laundry_by_type_and_color,human_bimanual,left,unknown,Sort laundry by type and color,0.04411764705882353,-1.1782496013902373,1,8,118,False
scale__2026-04-30-09-46-32-799264,7.115751266479492,1.1964532136917114,1.0686286687850952,8,Group 8,473,scale,freeform_hang_shirt_on_hanger_and_place_on_rack,human_bimanual,left,unknown,Hang shirt on hanger and place on rack,0.0,-1.9141049021570276,3,112,131,False
scale__2026-04-30-09-46-55-687500,8.359893798828125,2.023353099822998,2.7636826038360596,0,Group 0,823,scale,freeform_sort_laundry_by_type_and_color,human_bimanual,left,unknown,Sort laundry by type and color,0.3713235294117647,-0.4561310851504472,1,85,57,False
scale__2026-04-30-09-47-51-763599,7.905754566192627,1.9915436506271362,2.7772951126098633,0,Group 0,1000,scale,freeform_sort_laundry_by_type_and_color,human_bimanual,left,unknown,Sort laundry by type and color,0.40808823529411764,-0.24175397277492905,1,93,147,False
scale__2026-04-30-09-48-56-213440,7.402040481567383,1.6707770824432373,1.5155457258224487,7,Group 7,8523,scale,freeform_place_rubberbands_in_ziploc,human_bimanual,left,unknown,Place rubberbands in ziploc,0.7205882352941176,0.5989995376053294,9,186,2,True
scale__2026-04-30-09-59-12-839544,8.221089363098145,1.027298092842102,0.3801421821117401,1,Group 1,486,scale,flagship_bagging_groceries,human_bimanual,right,unknown,Bagging groceries,0.011029411764705883,-1.4321913800980672,6,121,17,False
scale__2026-04-30-10-00-31-069711,7.82365083694458,1.643511414527893,0.5894287824630737,1,Group 1,486,scale,flagship_bagging_groceries,human_bimanual,right,unknown,Bagging groceries,0.04044117647058824,-1.1846876510359161,6,123,156,False
scale__2026-04-30-10-00-57-922936,8.448016166687012,1.768442988395691,3.0464911460876465,0,Group 0,1754,scale,freeform_insert_batteries_into_electronic_devices,human_bimanual,left,unknown,Insert batteries into electronic devices,0.007352941176470588,-1.4549352941788063,1,2,97,False
scale__2026-04-30-10-01-04-057028,7.8424224853515625,1.8117620944976807,0.44290482997894287,1,Group 1,1492,scale,flagship_bagging_groceries,human_bimanual,right,unknown,Bagging groceries,0.41911764705882354,-0.20186931027306487,6,132,53,False
scale__2026-04-30-10-03-01-902883,8.875956535339355,0.4197358787059784,0.9429394602775574,1,Group 1,484,scale,flagship_bagging_groceries,human_bimanual,right,unknown,Bagging groceries,0.10294117647058823,-1.0199648699855763,6,127,66,False
scale__2026-04-30-10-03-07-201204,8.980484962463379,-0.4024347960948944,0.9926779270172119,0,Group 0,1645,scale,freeform_insert_batteries_into_electronic_devices,human_bimanual,left,unknown,Insert batteries into electronic devices,0.003676470588235294,-1.6804172598803087,1,1,133,False
scale__2026-04-30-10-06-08-919250,7.708282470703125,1.9839659929275513,0.4151601493358612,1,Group 1,1342,scale,flagship_bagging_groceries,human_bimanual,right,unknown,Bagging groceries,0.33455882352941174,-0.6116482777615995,6,131,137,False
scale__2026-04-30-10-07-34-470780,7.841009616851807,1.8035707473754883,0.32052117586135864,1,Group 1,719,scale,flagship_bagging_groceries,human_bimanual,right,unknown,Bagging groceries,0.18382352941176472,-0.8924051610470234,6,129,172,True
scale__2026-04-30-10-09-30-267651,7.926795959472656,1.7011560201644897,0.33315765857696533,1,Group 1,636,scale,flagship_bagging_groceries,human_bimanual,right,unknown,Bagging groceries,0.014705882352941176,-1.4225414973652215,6,122,85,False
scale__2026-04-30-10-10-35-063496,7.713630676269531,1.5908243656158447,0.42642053961753845,1,Group 1,517,scale,flagship_bagging_groceries,human_bimanual,right,unknown,Bagging groceries,0.08823529411764706,-1.0346965382109634,6,125,197,False
scale__2026-04-30-10-11-28-209479,7.650522232055664,2.0840916633605957,0.418751984834671,1,Group 1,1728,scale,flagship_bagging_groceries,human_bimanual,right,unknown,Bagging groceries,0.4852941176470588,0.05511270237608724,6,134,175,False
scale__2026-04-30-10-13-10-897450,7.363457202911377,1.5888068675994873,1.0170261859893799,1,Group 1,535,scale,flagship_folding_clothes,human_bimanual,left,unknown,Folding Clothes,0.11029411764705882,-1.0085363733588395,6,128,81,False
scale__2026-04-30-10-13-46-479833,7.764299392700195,1.9718334674835205,0.3451787829399109,1,Group 1,1539,scale,flagship_bagging_groceries,human_bimanual,right,unknown,Bagging groceries,0.3272058823529412,-0.6253576679202553,6,130,150,False
yam__fold_clothes__2026-07-08-22-05-50-932000,12.452783584594727,3.519178867340088,3.8811800479888916,0,Group 0,1151,yam,yam_fold_tshirt,yam_bimanual,left,unknown,fold the black t shirt using both arms,0.375,-0.45599624715825154,1,86,229,False
yam__fold_clothes__2026-07-08-22-07-10-737000,12.199764251708984,3.5434207916259766,3.8961055278778076,0,Group 0,1081,yam,yam_fold_tshirt,yam_bimanual,left,unknown,fold the black t shirt using both arms,0.2867647058823529,-0.7021944645364414,1,65,210,False
yam__fold_clothes__2026-07-08-22-08-06-293000,12.430624961853027,3.4778339862823486,4.003043174743652,0,Group 0,1073,yam,yam_fold_tshirt,yam_bimanual,left,unknown,fold the black t shirt using both arms,0.3125,-0.6497858159671765,1,72,265,False
yam__fold_clothes__2026-07-08-22-09-05-861000,12.471534729003906,3.47450852394104,4.193727970123291,0,Group 0,1213,yam,yam_fold_tshirt,yam_bimanual,left,unknown,fold the black t shirt using both arms,0.4411764705882353,-0.09646941794320338,1,97,246,False
yam__fold_clothes__2026-07-08-22-10-08-126000,12.405137062072754,3.479079008102417,3.910756826400757,0,Group 0,1267,yam,yam_fold_tshirt,yam_bimanual,left,unknown,fold the black t shirt using both arms,0.3897058823529412,-0.41494164939716666,1,90,244,False
yam__fold_clothes__2026-07-08-22-11-03-310000,12.3011474609375,3.4855051040649414,4.002106189727783,0,Group 0,1048,yam,yam_fold_tshirt,yam_bimanual,left,unknown,fold the black t shirt using both arms,0.3014705882352941,-0.6717951704585741,1,69,251,False
yam__fold_clothes__2026-07-08-22-13-40-281000,12.432917594909668,3.211099624633789,3.851383686065674,0,Group 0,1137,yam,yam_fold_tshirt,yam_bimanual,left,unknown,fold the black t shirt using both arms,0.39338235294117646,-0.3889816748646564,1,91,264,False
yam__fold_clothes__2026-07-08-22-14-35-136000,12.565298080444336,3.2875421047210693,3.9974849224090576,0,Group 0,1051,yam,yam_fold_tshirt,yam_bimanual,left,unknown,fold the black t shirt using both arms,0.20955882352941177,-0.8583957056662184,1,45,268,False
yam__fold_clothes__2026-07-08-22-15-38-200000,12.226480484008789,3.482090473175049,3.5266330242156982,0,Group 0,1253,yam,yam_fold_tshirt,yam_bimanual,left,unknown,fold the black t shirt using both arms,0.2426470588235294,-0.8050195182000784,1,54,243,False
yam__fold_clothes__2026-07-08-22-16-41-965000,12.511271476745605,3.3341636657714844,4.280802249908447,0,Group 0,1103,yam,yam_fold_tshirt,yam_bimanual,left,unknown,fold the black t shirt using both arms,0.3786764705882353,-0.4469454619472689,1,87,192,False
yam__fold_clothes__2026-07-08-22-17-39-357000,12.39981746673584,3.4107189178466797,4.104000091552734,0,Group 0,1133,yam,yam_fold_tshirt,yam_bimanual,left,unknown,fold the black t shirt using both arms,0.2536764705882353,-0.7830562960575186,1,57,269,False
yam__fold_clothes__2026-07-08-22-18-39-019000,11.52910327911377,3.854848861694336,3.748354434967041,0,Group 0,1118,yam,yam_fold_tshirt,yam_bimanual,left,unknown,fold the black t shirt using both arms,0.16544117647058823,-0.9055399798875617,1,36,214,False
yam__fold_clothes__2026-07-08-22-19-39-029000,12.290387153625488,3.2994532585144043,3.7058358192443848,0,Group 0,1199,yam,yam_fold_tshirt,yam_bimanual,left,unknown,fold the black t shirt using both arms,0.29044117647058826,-0.6969295203914047,1,66,266,False
yam__fold_clothes__2026-07-08-22-20-29-153000,12.240538597106934,3.478627920150757,3.931422472000122,0,Group 0,904,yam,yam_fold_tshirt,yam_bimanual,left,unknown,fold the black t shirt using both arms,0.21323529411764705,-0.853745943122971,1,46,258,False
yam__fold_clothes__2026-07-08-22-21-21-804000,11.719847679138184,3.805133819580078,3.8100597858428955,0,Group 0,977,yam,yam_fold_tshirt,yam_bimanual,left,unknown,fold the black t shirt using both arms,0.07352941176470588,-1.0580887769992275,1,16,242,False
yam__fold_clothes__2026-07-08-22-22-13-384000,11.645487785339355,3.7882843017578125,3.3146474361419678,0,Group 0,864,yam,yam_fold_tshirt,yam_bimanual,left,unknown,fold the black t shirt using both arms,0.22426470588235295,-0.8291330958313451,1,49,220,False
yam__fold_clothes__2026-07-08-22-23-09-074000,11.880212783813477,3.6115236282348633,3.2822160720825195,0,Group 0,1043,yam,yam_fold_tshirt,yam_bimanual,left,unknown,fold the black t shirt using both arms,0.12867647058823528,-0.9827872907602035,1,26,247,False
yam__fold_clothes__2026-07-08-22-24-06-405000,12.32509708404541,3.4357216358184814,3.548978328704834,0,Group 0,1100,yam,yam_fold_tshirt,yam_bimanual,left,unknown,fold the black t shirt using both arms,0.21691176470588236,-0.8485127029550973,1,47,200,False
yam__fold_clothes__2026-07-08-22-25-25-667000,12.508832931518555,3.212250232696533,3.8135695457458496,0,Group 0,1035,yam,yam_fold_tshirt,yam_bimanual,left,unknown,fold the black t shirt using both arms,0.1213235294117647,-0.9931428843818633,1,24,235,False
yam__fold_clothes__2026-07-08-22-26-15-999000,11.504000663757324,3.828744411468506,3.5022780895233154,0,Group 0,939,yam,yam_fold_tshirt,yam_bimanual,left,unknown,fold the black t shirt using both arms,0.1948529411764706,-0.8729590861521334,1,43,252,False
yam__fold_clothes__2026-07-09-22-10-28-199000,12.10328197479248,3.526106834411621,3.343806266784668,0,Group 0,1120,yam,yam_fold_tshirt,yam_bimanual,left,unknown,fold the black t shirt using both arms,0.17647058823529413,-0.8994089692940667,1,39,224,False
yam__fold_clothes__2026-07-09-22-11-29-382000,11.160273551940918,3.4852285385131836,3.3322348594665527,0,Group 0,1084,yam,yam_fold_tshirt,yam_bimanual,left,unknown,fold the black t shirt using both arms,0.1323529411764706,-0.9689767117650396,1,27,195,False
yam__fold_clothes__2026-07-09-22-12-27-388000,10.965102195739746,3.7502570152282715,3.739358901977539,0,Group 0,901,yam,yam_fold_tshirt,yam_bimanual,left,unknown,fold the black t shirt using both arms,0.0625,-1.094864354905407,1,13,238,False
yam__fold_clothes__2026-07-09-22-13-32-277000,11.790243148803711,3.669097900390625,3.2681446075439453,0,Group 0,1143,yam,yam_fold_tshirt,yam_bimanual,left,unknown,fold the black t shirt using both arms,0.06985294117647059,-1.073929215483187,1,15,199,False
yam__fold_clothes__2026-07-09-22-14-31-889000,11.199135780334473,3.5988807678222656,3.760948896408081,0,Group 0,1070,yam,yam_fold_tshirt,yam_bimanual,left,unknown,fold the black t shirt using both arms,0.16176470588235295,-0.9173257116804845,1,35,240,False
yam__fold_clothes__2026-07-09-22-15-28-625000,11.366965293884277,3.5251801013946533,3.779431104660034,0,Group 0,904,yam,yam_fold_tshirt,yam_bimanual,left,unknown,fold the black t shirt using both arms,0.05514705882352941,-1.1000893126054796,1,11,233,False
yam__fold_clothes__2026-07-09-22-17-07-011000,11.653665542602539,3.3272857666015625,3.8665220737457275,0,Group 0,1005,yam,yam_fold_tshirt,yam_bimanual,left,unknown,fold the black t shirt using both arms,0.08088235294117647,-1.0482636164562316,1,18,207,False
yam__fold_clothes__2026-07-09-22-18-13-776000,11.090911865234375,3.818355083465576,3.584218740463257,0,Group 0,839,yam,yam_fold_tshirt,yam_bimanual,left,unknown,fold the black t shirt using both arms,0.125,-0.9885956572540369,1,25,216,False
yam__fold_clothes__2026-07-09-22-19-10-824000,11.636037826538086,3.75142240524292,3.234442710876465,0,Group 0,832,yam,yam_fold_tshirt,yam_bimanual,left,unknown,fold the black t shirt using both arms,0.0661764705882353,-1.092220854751312,1,14,270,False
yam__fold_clothes__2026-07-09-22-20-06-931000,11.114866256713867,3.9209179878234863,3.6584770679473877,0,Group 0,816,yam,yam_fold_tshirt,yam_bimanual,left,unknown,fold the black t shirt using both arms,0.04779411764705882,-1.1168026838507408,1,9,263,False
yam__fold_clothes__2026-07-09-22-20-59-776000,11.46023941040039,3.7774434089660645,3.288158416748047,0,Group 0,793,yam,yam_fold_tshirt,yam_bimanual,left,unknown,fold the black t shirt using both arms,0.03676470588235294,-1.241891193171093,1,7,267,False
yam__fold_clothes__2026-07-09-22-22-22-265000,11.090415954589844,3.733814239501953,3.7967333793640137,0,Group 0,914,yam,yam_fold_tshirt,yam_bimanual,left,unknown,fold the black t shirt using both arms,0.19117647058823528,-0.8755497739129509,1,42,253,False
yam__fold_clothes__2026-07-09-22-23-18-188000,11.244064331054688,3.811216115951538,3.6728174686431885,0,Group 0,861,yam,yam_fold_tshirt,yam_bimanual,left,unknown,fold the black t shirt using both arms,0.17279411764705882,-0.9000029019018362,1,38,239,False
yam__fold_clothes__2026-07-09-22-24-12-475000,11.166996955871582,3.7268431186676025,3.9258086681365967,0,Group 0,934,yam,yam_fold_tshirt,yam_bimanual,left,unknown,fold the black t shirt using both arms,0.14338235294117646,-0.9340618082712926,1,30,248,False
yam__fold_clothes__2026-07-09-22-25-15-332000,10.876949310302734,3.6951425075531006,3.6995275020599365,0,Group 0,782,yam,yam_fold_tshirt,yam_bimanual,left,unknown,fold the black t shirt using both arms,0.07720588235294118,-1.0493201933036849,1,17,201,False
yam__fold_clothes__2026-07-09-22-26-03-154000,11.562590599060059,3.82254958152771,3.28084397315979,0,Group 0,750,yam,yam_fold_tshirt,yam_bimanual,left,unknown,fold the black t shirt using both arms,0.13602941176470587,-0.9582884628351227,1,28,1,True
yam__fold_clothes__2026-07-09-22-26-59-131000,11.386589050292969,3.615302085876465,3.1669929027557373,0,Group 0,829,yam,yam_fold_tshirt,yam_bimanual,left,unknown,fold the black t shirt using both arms,0.13970588235294118,-0.9373633576724619,1,29,225,False
yam__fold_clothes__2026-07-09-22-27-58-327000,11.15404224395752,3.6389567852020264,3.9557082653045654,0,Group 0,981,yam,yam_fold_tshirt,yam_bimanual,left,unknown,fold the black t shirt using both arms,0.23529411764705882,-0.8051815500754572,1,52,232,False
yam__fold_clothes__2026-07-09-22-29-14-039000,11.346397399902344,3.6915924549102783,4.006986141204834,0,Group 0,1048,yam,yam_fold_tshirt,yam_bimanual,left,unknown,fold the black t shirt using both arms,0.2757352941176471,-0.7261313178889706,1,62,202,False
yam__fold_clothes__2026-07-09-22-33-08-849000,11.05813217163086,3.762712240219116,3.9378130435943604,0,Group 0,933,yam,yam_fold_tshirt,yam_bimanual,left,unknown,fold the black t shirt using both arms,0.1875,-0.8905820452476211,1,41,217,False
yam__pack_items__2026-07-06-16-59-15-192000,8.598514556884766,-0.21395209431648254,1.5221995115280151,0,Group 0,1100,yam,yam_pack_items,yam_bimanual,right,unknown,"pick up a black bowl using the left arm, and place three food items into it using the right arm.",0.34558823529411764,-0.5423354226696385,1,79,48,False
yam__pack_items__2026-07-06-17-14-12-007000,8.6954345703125,-0.2476208657026291,1.4495835304260254,0,Group 0,1115,yam,yam_pack_items,yam_bimanual,right,unknown,"pick up a black bowl using the left arm, and place three food items into it using the right arm.",0.3492647058823529,-0.5343565164858086,1,80,259,False
yam__pack_items__2026-07-06-17-15-12-100000,8.536720275878906,-0.13668787479400635,1.5687297582626343,0,Group 0,1090,yam,yam_pack_items,yam_bimanual,right,unknown,"pick up a black bowl using the left arm, and place three food items into it using the right arm.",0.4264705882352941,-0.17683643235951324,1,95,203,False
yam__pack_items__2026-07-06-17-16-08-162000,8.711470603942871,-0.22394613921642303,1.5044524669647217,0,Group 0,991,yam,yam_pack_items,yam_bimanual,right,unknown,"pick up a black bowl using the left arm, and place three food items into it using the right arm.",0.4227941176470588,-0.19495102365436065,1,94,188,False
yam__pack_items__2026-07-06-17-17-16-458000,9.02673053741455,-0.13364797830581665,0.324309766292572,0,Group 0,957,yam,yam_pack_items,yam_bimanual,right,unknown,"pick up a black bowl using the left arm, and place three food items into it using the right arm.",0.25735294117647056,-0.7685396198101045,1,58,228,False
yam__pack_items__2026-07-06-17-18-18-477000,9.243390083312988,-0.08351806551218033,1.5067757368087769,0,Group 0,1184,yam,yam_pack_items,yam_bimanual,right,unknown,"pick up a black bowl using the left arm, and place three food items into it using the right arm.",0.4742647058823529,0.005354351367547962,1,101,194,False
yam__pack_items__2026-07-06-17-19-16-960000,8.853967666625977,-0.24071194231510162,0.33425453305244446,0,Group 0,1133,yam,yam_pack_items,yam_bimanual,right,unknown,"pick up a black bowl using the left arm, and place three food items into it using the right arm.",0.3382352941176471,-0.6068936394584755,1,77,196,False
yam__pack_items__2026-07-06-17-20-20-203000,9.024505615234375,-0.5599518418312073,1.5305203199386597,0,Group 0,1100,yam,yam_pack_items,yam_bimanual,right,unknown,"pick up a black bowl using the left arm, and place three food items into it using the right arm.",0.19852941176470587,-0.8637418301646052,1,44,271,False
yam__pack_items__2026-07-06-17-21-20-488000,9.067090034484863,-0.3211241066455841,1.6980006694793701,0,Group 0,1139,yam,yam_pack_items,yam_bimanual,right,unknown,"pick up a black bowl using the left arm, and place three food items into it using the right arm.",0.058823529411764705,-1.0961157100361008,1,12,206,False
yam__pack_items__2026-07-06-17-22-37-589000,9.00699520111084,-0.5958987474441528,1.5206491947174072,0,Group 0,1148,yam,yam_pack_items,yam_bimanual,right,unknown,"pick up a black bowl using the left arm, and place three food items into it using the right arm.",0.16911764705882354,-0.9024607488175905,1,37,241,False
yam__pack_items__2026-07-06-17-24-19-935000,9.259940147399902,0.16900524497032166,0.5528151988983154,0,Group 0,1065,yam,yam_pack_items,yam_bimanual,right,unknown,"pick up a black bowl using the left arm, and place three food items into it using the right arm.",0.27205882352941174,-0.7274176977522203,1,61,159,False
yam__pack_items__2026-07-06-18-04-12-468000,9.163135528564453,-0.5514633059501648,1.3990881443023682,0,Group 0,1007,yam,yam_pack_items,yam_bimanual,right,unknown,"pick up a black bowl using the left arm, and place three food items into it using the right arm.",0.23897058823529413,-0.8051181055023389,1,53,221,False
yam__pack_items__2026-07-06-18-05-11-763000,9.38422966003418,0.053417008370161057,0.6568247675895691,0,Group 0,1029,yam,yam_pack_items,yam_bimanual,right,unknown,"pick up a black bowl using the left arm, and place three food items into it using the right arm.",0.15441176470588236,-0.9216017807291563,1,33,245,False
yam__pack_items__2026-07-06-18-07-17-597000,9.466825485229492,0.09527864307165146,0.9327240586280823,0,Group 0,1148,yam,yam_pack_items,yam_bimanual,right,unknown,"pick up a black bowl using the left arm, and place three food items into it using the right arm.",0.34191176470588236,-0.5936827745190248,1,78,237,False
yam__pack_items__2026-07-06-18-08-18-646000,9.170453071594238,-0.6383800506591797,1.500108003616333,0,Group 0,1060,yam,yam_pack_items,yam_bimanual,right,unknown,"pick up a black bowl using the left arm, and place three food items into it using the right arm.",0.15073529411764705,-0.9241920867483392,1,32,260,False
yam__pack_items__2026-07-06-18-09-07-081000,9.130104064941406,0.10002336651086807,0.4548708200454712,0,Group 0,852,yam,yam_pack_items,yam_bimanual,right,unknown,"pick up a black bowl using the left arm, and place three food items into it using the right arm.",0.14705882352941177,-0.9274528742655694,1,31,254,False
yam__pack_items__2026-07-06-18-21-00-343000,9.054686546325684,-0.3447505831718445,0.485903799533844,0,Group 0,889,yam,yam_pack_items,yam_bimanual,right,unknown,"pick up a black bowl using the left arm, and place three food items into it using the right arm.",0.30514705882352944,-0.6684934010426195,1,70,262,False
yam__pack_items__2026-07-06-18-22-04-333000,8.869830131530762,-0.13231520354747772,0.6325635313987732,0,Group 0,1197,yam,yam_pack_items,yam_bimanual,right,unknown,"pick up a black bowl using the left arm, and place three food items into it using the right arm.",0.24632352941176472,-0.7945978659812509,1,55,219,False
yam__pack_items__2026-07-06-18-23-08-590000,9.306713104248047,-0.23615406453609467,1.1630808115005493,0,Group 0,1109,yam,yam_pack_items,yam_bimanual,right,unknown,"pick up a black bowl using the left arm, and place three food items into it using the right arm.",0.23161764705882354,-0.8151451224869782,1,51,204,False
yam__pack_items__2026-07-06-18-24-09-814000,8.746841430664062,0.08498211950063705,0.6624767184257507,0,Group 0,1121,yam,yam_pack_items,yam_bimanual,right,unknown,"pick up a black bowl using the left arm, and place three food items into it using the right arm.",0.28308823529411764,-0.7137683616932409,1,64,211,False
yam__pack_items__2026-07-06-18-25-08-275000,9.162548065185547,-0.2960307002067566,1.6234854459762573,0,Group 0,1124,yam,yam_pack_items,yam_bimanual,right,unknown,"pick up a black bowl using the left arm, and place three food items into it using the right arm.",0.2610294117647059,-0.7658264000010108,1,59,231,False
yam__pack_items__2026-07-06-18-26-21-495000,8.94051456451416,-0.7626780271530151,1.1664998531341553,0,Group 0,1260,yam,yam_pack_items,yam_bimanual,right,unknown,"pick up a black bowl using the left arm, and place three food items into it using the right arm.",0.22794117647058823,-0.8162068480223528,1,50,223,False
yam__pack_items__2026-07-06-18-27-14-950000,9.291118621826172,-0.3078081011772156,1.2804666757583618,0,Group 0,907,yam,yam_pack_items,yam_bimanual,right,unknown,"pick up a black bowl using the left arm, and place three food items into it using the right arm.",0.1801470588235294,-0.8955562840049874,1,40,212,False
yam__pack_items__2026-07-06-18-28-18-172000,8.965347290039062,-0.7608513832092285,1.5857739448547363,0,Group 0,1024,yam,yam_pack_items,yam_bimanual,right,unknown,"pick up a black bowl using the left arm, and place three food items into it using the right arm.",0.09191176470588236,-1.033286316434383,1,19,190,False
yam__pack_items__2026-07-06-18-29-27-437000,8.922359466552734,-0.16547313332557678,0.4215551018714905,0,Group 0,1050,yam,yam_pack_items,yam_bimanual,right,unknown,"pick up a black bowl using the left arm, and place three food items into it using the right arm.",0.11397058823529412,-1.0075369102251603,1,22,234,False
yam__pack_items__2026-07-06-18-30-23-922000,8.938461303710938,-0.26499223709106445,0.40395382046699524,0,Group 0,1021,yam,yam_pack_items,yam_bimanual,right,unknown,"pick up a black bowl using the left arm, and place three food items into it using the right arm.",0.10661764705882353,-1.0176071828729771,1,21,227,False
yam__pack_items__2026-07-06-18-32-18-020000,9.54747486114502,-0.42969390749931335,1.0402687788009644,0,Group 0,1051,yam,yam_pack_items,yam_bimanual,right,unknown,"pick up a black bowl using the left arm, and place three food items into it using the right arm.",0.31985294117647056,-0.6398554423443251,1,74,249,False
yam__pack_items__2026-07-06-18-34-50-746000,9.269986152648926,0.15274295210838318,0.46015244722366333,0,Group 0,1108,yam,yam_pack_items,yam_bimanual,right,unknown,"pick up a black bowl using the left arm, and place three food items into it using the right arm.",0.3860294117647059,-0.42939544993971196,1,89,222,False
yam__pack_items__2026-07-06-18-35-47-656000,9.549668312072754,-0.1934099644422531,1.0397517681121826,0,Group 0,1024,yam,yam_pack_items,yam_bimanual,right,unknown,"pick up a black bowl using the left arm, and place three food items into it using the right arm.",0.27941176470588236,-0.7250642501268404,1,63,218,False
yam__pack_items__2026-07-06-18-36-46-308000,9.299188613891602,-0.24377575516700745,1.4060618877410889,0,Group 0,1084,yam,yam_pack_items,yam_bimanual,right,unknown,"pick up a black bowl using the left arm, and place three food items into it using the right arm.",0.15808823529411764,-0.9207823205424457,1,34,236,False
yam__pack_items__2026-07-06-18-37-54-664000,9.005343437194824,-0.3322543501853943,0.9355169534683228,0,Group 0,989,yam,yam_pack_items,yam_bimanual,right,unknown,"pick up a black bowl using the left arm, and place three food items into it using the right arm.",0.29411764705882354,-0.6812510630236815,1,67,230,False
yam__pack_items__2026-07-06-18-40-37-918000,9.323667526245117,-0.5199183821678162,0.7899624109268188,0,Group 0,1013,yam,yam_pack_items,yam_bimanual,right,unknown,"pick up a black bowl using the left arm, and place three food items into it using the right arm.",0.3602941176470588,-0.5048407130978527,1,83,226,False
yam__pack_items__2026-07-06-18-41-46-823000,9.505373001098633,-0.44769158959388733,1.2819582223892212,0,Group 0,1016,yam,yam_pack_items,yam_bimanual,right,unknown,"pick up a black bowl using the left arm, and place three food items into it using the right arm.",0.25,-0.7926505384638718,1,56,198,False
yam__pack_items__2026-07-06-19-28-39-516000,8.94187068939209,-0.09420223534107208,0.3871040940284729,0,Group 0,647,yam,yam_pack_items,yam_bimanual,right,unknown,"pick up a black bowl using the left arm, and place three food items into it using the right arm.",0.051470588235294115,-1.1134043598455106,1,10,209,False
yam__pack_items__2026-07-06-21-04-18-018000,8.828166007995605,-0.714422881603241,1.064488410949707,0,Group 0,820,yam,yam_pack_items,yam_bimanual,right,unknown,"pick up a black bowl using the left arm, and place three food items into it using the right arm.",0.11764705882352941,-1.00078490453634,1,23,250,False
yam__pack_items__2026-07-06-21-06-51-354000,9.211414337158203,-0.2258964329957962,0.37658387422561646,0,Group 0,754,yam,yam_pack_items,yam_bimanual,right,unknown,"pick up a black bowl using the left arm, and place three food items into it using the right arm.",0.09558823529411764,-1.0258928002480505,1,20,205,False
yam__pack_items__2026-07-06-21-13-03-316000,9.47314167022705,-0.4745592474937439,1.1153749227523804,0,Group 0,814,yam,yam_pack_items,yam_bimanual,right,unknown,"pick up a black bowl using the left arm, and place three food items into it using the right arm.",0.22058823529411764,-0.8481924078767957,1,48,261,False
yam__pack_items__2026-07-06-21-14-01-670000,9.188814163208008,-0.3946175277233124,0.6085224151611328,0,Group 0,903,yam,yam_pack_items,yam_bimanual,right,unknown,"pick up a black bowl using the left arm, and place three food items into it using the right arm.",0.3235294117647059,-0.6392004790831749,1,75,215,False
yam__pack_items__2026-07-06-21-14-51-471000,9.232569694519043,0.14249379932880402,0.5328992605209351,0,Group 0,914,yam,yam_pack_items,yam_bimanual,right,unknown,"pick up a black bowl using the left arm, and place three food items into it using the right arm.",0.39705882352941174,-0.3378572388151138,1,92,213,False
yam__pack_items__2026-07-06-21-15-50-319000,9.232928276062012,-0.5473620891571045,1.6394113302230835,0,Group 0,1007,yam,yam_pack_items,yam_bimanual,right,unknown,"pick up a black bowl using the left arm, and place three food items into it using the right arm.",0.2977941176470588,-0.6766999307820756,1,68,255,False
yam__pick_hat__2026-07-02-23-04-15-262000,8.792695045471191,1.7553503513336182,2.970813274383545,0,Group 0,323,yam,yam_pick_hat,yam_bimanual,left,unknown,pick up the black hat using the left arm and drop it into a brown box,0.35294117647058826,-0.5299960964723155,1,81,186,False
yam__pick_hat__2026-07-02-23-05-40-137000,8.88337516784668,1.6317052841186523,3.098172664642334,0,Group 0,388,yam,yam_pick_hat,yam_bimanual,left,unknown,pick up the black hat using the left arm and drop it into a brown box,0.3161764705882353,-0.649371029271115,1,73,49,False
yam__pick_hat__2026-07-02-23-06-13-771000,8.919220924377441,1.5637210607528687,3.1361844539642334,0,Group 0,418,yam,yam_pick_hat,yam_bimanual,left,unknown,pick up the black hat using the left arm and drop it into a brown box,0.35661764705882354,-0.5056281999808364,1,82,208,False
yam__pick_hat__2026-07-02-23-08-00-468000,8.947543144226074,1.5724780559539795,3.07137393951416,0,Group 0,295,yam,yam_pick_hat,yam_bimanual,left,unknown,pick up the black hat using the left arm and drop it into a brown box,0.025735294117647058,-1.2668734004233637,1,5,272,False
yam__pick_hat__2026-07-02-23-08-44-089000,8.885395050048828,1.61048424243927,3.0716264247894287,0,Group 0,449,yam,yam_pick_hat,yam_bimanual,left,unknown,pick up the black hat using the left arm and drop it into a brown box,0.36764705882352944,-0.4658526431124183,1,84,256,False
yam__pick_hat__2026-07-02-23-09-13-663000,8.868802070617676,1.5499199628829956,3.1180920600891113,0,Group 0,379,yam,yam_pick_hat,yam_bimanual,left,unknown,pick up the black hat using the left arm and drop it into a brown box,0.3088235294117647,-0.6584177466914038,1,71,257,False
