scope,n_clips_in_scope,target,ordering,n_steps,n_unique_clips,spearman,frac_nondecreasing,max_jump,max_abs_step,mean_abs_step,n_large_jumps,task_switch_rate,cluster_switch_rate,embodiment_switch_rate,source_switch_rate,mean_consecutive_dtw,max_consecutive_dtw,spearman_with_reviews,frac_nondecreasing_with_reviews,task_switch_rate_with_reviews,cluster_switch_rate_with_reviews,cluster_coverage,task_coverage,n_clips_to_target,distinct_clusters,frac_consecutive_near_duplicate,mean_pairwise_dtw,distinct_ratio
garments,131,121,Curriculum path,6.0,5.0,0.6,0.5,0.044117647058823525,0.044117647058823525,0.022058823529411763,0.0,0.5,0.25,0.25,0.25,0.5927560565712056,0.9044303929988131,0.20291986247835694,0.6,0.8,0.6,0.4,0.6,6.0,2.0,0.2,1.6874662897543509,0.8333333333333334
garments,131,121,Random order (same clips),5.0,5.0,0.07999999999999999,0.45,0.045955882352941166,0.04889705882352941,0.030238970588235298,0.0,0.625,0.425,0.45,0.45,0.7264220899772342,0.9880615822644536,,,,,0.32,0.42000000000000004,3.0,1.6,0.175,1.6874662897543509,1.0
garments,131,121,Random subset (same size),5.0,5.0,-0.14999999999999997,0.35,0.7147058823529412,0.7661764705882353,0.4310661764705882,1.2,0.65,0.575,0.5,0.625,0.8549847541782967,0.9775360307471136,,,,,0.36,0.4,3.1,1.8,0.075,1.8697342624132154,1.0
garments,131,121,Difficulty-sorted (same clips),5.0,5.0,0.9999999999999999,1.0,0.01838235294117647,0.01838235294117647,0.015625,0.0,0.5,0.25,0.25,0.25,0.5973737174289645,0.9229010364298488,,,,,0.4,0.6,3.0,2.0,0.5,1.6874662897543509,1.0
garments,131,121,Coreset prefix (same size),5.0,5.0,0.09999999999999999,0.5,0.8676470588235294,0.8860294117647058,0.6755514705882353,2.0,1.0,1.0,0.25,1.0,0.9684036469613908,1.0,,,,,0.8,0.8,5.0,4.0,0.0,2.091316744144682,1.0
garments,131,62,Curriculum path,4.0,4.0,1.0,1.0,0.33088235294117646,0.33088235294117646,0.20710784313725492,2.0,0.3333333333333333,0.6666666666666666,0.0,0.3333333333333333,0.8577545591657841,0.9126342446409311,,,,,0.6,0.4,4.0,3.0,0.0,1.930048478500108,1.0
garments,131,62,Random order (same clips),4.0,4.0,0.019999999999999962,0.5,0.45367647058823535,0.5738970588235295,0.3047794117647059,0.9,0.4333333333333333,0.6666666666666667,0.0,0.4333333333333333,0.8735667837060618,0.9487830615508102,,,,,0.38,0.32,2.5,1.9,0.0,1.9300484785001077,1.0
garments,131,62,Random subset (same size),4.0,4.0,0.12,0.5,0.5,0.5334558823529412,0.34705882352941175,1.3,0.6,0.5,0.4333333333333333,0.6,0.8764741837534661,0.9479841443703844,,,,,0.32,0.4,2.8,1.6,0.06666666666666667,1.888183362165914,1.0
garments,131,62,Difficulty-sorted (same clips),4.0,4.0,1.0,1.0,0.33088235294117646,0.33088235294117646,0.20710784313725492,2.0,0.3333333333333333,0.6666666666666666,0.0,0.3333333333333333,0.8577545591657841,0.9126342446409311,,,,,0.6,0.4,4.0,3.0,0.0,1.930048478500108,1.0
garments,131,62,Coreset prefix (same size),4.0,4.0,-0.39999999999999997,0.3333333333333333,0.8051470588235294,0.8860294117647058,0.6115196078431372,1.0,1.0,1.0,0.3333333333333333,1.0,0.9701283671013191,1.0,,,,,0.8,0.8,4.0,4.0,0.0,2.143588081160432,1.0
garments,131,61,Curriculum path,3.0,3.0,1.0,1.0,0.5955882352941176,0.5955882352941176,0.34375,1.0,0.5,0.5,0.0,0.5,0.8399094688285782,0.906981954664931,,,,,0.4,0.4,3.0,2.0,0.0,1.8928117397124051,1.0
garments,131,61,Random order (same clips),3.0,3.0,-0.1,0.4,0.45367647058823535,0.6691176470588236,0.48125,0.7,0.7,0.7,0.0,0.7,0.8911400064805937,0.9557850412998798,,,,,0.3,0.3,1.8,1.5,0.0,1.8928117397124056,1.0
garments,131,61,Random subset (same size),3.0,3.0,-0.3,0.4,0.2172794117647059,0.39742647058823527,0.31102941176470583,0.4,0.35,0.35,0.2,0.35,0.8830546570403939,0.9118651358601687,,,,,0.24000000000000005,0.24000000000000005,2.1,1.2,0.0,1.875526802144638,1.0
garments,131,61,Difficulty-sorted (same clips),3.0,3.0,1.0,1.0,0.5955882352941176,0.5955882352941176,0.34375,1.0,0.5,0.5,0.0,0.5,0.8399094688285782,0.906981954664931,,,,,0.4,0.4,3.0,2.0,0.0,1.8928117397124051,1.0
garments,131,61,Coreset prefix (same size),3.0,3.0,0.5,0.5,0.8051470588235294,0.8051470588235294,0.4742647058823529,1.0,1.0,1.0,0.5,1.0,0.9870375452241518,1.0,,,,,0.6,0.6,3.0,3.0,0.0,2.200617623386822,1.0
garments,131,126,Curriculum path,6.0,5.0,0.9999999999999999,1.0,0.0625,0.0625,0.03400735294117647,0.0,0.5,0.25,0.25,0.25,0.5768613122892099,0.9044303929988131,0.550782483869826,0.8,0.8,0.6,0.4,0.6,6.0,2.0,0.2,1.65702438601546,0.8333333333333334
garments,131,126,Random order (same clips),5.0,5.0,0.1,0.525,0.10073529411764706,0.12169117647058822,0.07113970588235294,0.0,0.625,0.425,0.45,0.45,0.7071771589869319,0.9839551114501324,,,,,0.32,0.42000000000000004,3.0,1.6,0.175,1.65702438601546,1.0
garments,131,126,Random subset (same size),5.0,5.0,-0.17999999999999997,0.4,0.6650735294117648,0.7121323529411765,0.4045955882352942,1.1,0.65,0.575,0.5,0.625,0.8506332840782083,0.9692036964295625,,,,,0.36,0.4,3.1,1.8,0.075,1.8500430356746473,1.0
garments,131,126,Difficulty-sorted (same clips),5.0,5.0,0.9999999999999999,1.0,0.0625,0.0625,0.03400735294117647,0.0,0.5,0.25,0.25,0.25,0.5768613122892099,0.9044303929988131,,,,,0.4,0.6,5.0,2.0,0.5,1.65702438601546,1.0
garments,131,126,Coreset prefix (same size),5.0,5.0,0.09999999999999999,0.5,0.8676470588235294,0.8860294117647058,0.6755514705882353,2.0,1.0,1.0,0.25,1.0,0.9684036469613908,1.0,,,,,0.8,0.8,5.0,4.0,0.0,2.091316744144682,1.0
garments,131,91,Curriculum path,9.0,8.0,1.0,1.0,0.08823529411764708,0.08823529411764708,0.05357142857142857,0.0,0.2857142857142857,0.14285714285714285,0.14285714285714285,0.14285714285714285,0.45424369534958503,0.9044303929988131,0.870300505105952,0.875,0.5,0.375,0.4,0.6,9.0,2.0,0.5,1.3980542030781393,0.8888888888888888
garments,131,91,Random order (same clips),8.0,8.0,-0.11190476190476188,0.45714285714285713,0.2933823529411764,0.3382352941176471,0.18665966386554622,2.2,0.4714285714285714,0.21428571428571425,0.4714285714285714,0.4714285714285714,0.6471190431157311,1.0,,,,,0.28,0.30000000000000004,3.5,1.4,0.21428571428571427,1.3980542030781393,1.0
garments,131,91,Random subset (same size),8.0,8.0,-0.1690476190476191,0.5285714285714285,0.6411764705882353,0.7330882352941177,0.3559873949579832,2.6,0.5428571428571429,0.5,0.41428571428571426,0.5428571428571429,0.8179686918647618,0.9772731265300599,,,,,0.42000000000000004,0.48,5.5,2.1,0.11428571428571428,1.8053835206190427,1.0
garments,131,91,Difficulty-sorted (same clips),8.0,8.0,1.0,1.0,0.08823529411764708,0.08823529411764708,0.05357142857142857,0.0,0.2857142857142857,0.14285714285714285,0.14285714285714285,0.14285714285714285,0.45424369534958503,0.9044303929988131,,,,,0.4,0.6,8.0,2.0,0.7142857142857143,1.3980542030781393,1.0
garments,131,91,Coreset prefix (same size),8.0,8.0,-0.09523809523809526,0.42857142857142855,0.9632352941176471,0.9632352941176471,0.7846638655462185,3.0,1.0,1.0,0.14285714285714285,1.0,0.9798830499505014,1.0,,,,,1.0,1.0,8.0,5.0,0.0,2.0707783037998317,1.0
garments,131,10,Curriculum path,6.0,5.0,0.9999999999999999,1.0,0.5955882352941176,0.5955882352941176,0.21691176470588236,1.0,0.25,0.25,0.0,0.25,0.7163455423097105,0.906981954664931,0.550782483869826,0.8,0.6,0.6,0.4,0.4,6.0,2.0,0.0,1.7196981922967756,0.8333333333333334
garments,131,10,Random order (same clips),5.0,5.0,0.1,0.525,0.6330882352941176,0.7591911764705882,0.3791360294117647,1.5,0.425,0.425,0.0,0.425,0.8078528141480614,0.9612576133049234,,,,,0.32,0.32,3.0,1.6,0.0,1.7196981922967756,1.0
garments,131,10,Random subset (same size),5.0,5.0,-0.06999999999999998,0.5,0.5125,0.6389705882352942,0.37058823529411766,1.2,0.525,0.475,0.4,0.525,0.8869057900287821,0.9612956933012715,,,,,0.32000000000000006,0.34,3.1,1.6,0.0,1.891254426466417,1.0
garments,131,10,Difficulty-sorted (same clips),5.0,5.0,0.9999999999999999,1.0,0.5955882352941176,0.5955882352941176,0.21691176470588236,1.0,0.25,0.25,0.0,0.25,0.7163455423097105,0.906981954664931,,,,,0.4,0.4,5.0,2.0,0.0,1.7196981922967756,1.0
garments,131,10,Coreset prefix (same size),5.0,5.0,0.09999999999999999,0.5,0.8676470588235294,0.8860294117647058,0.6755514705882353,2.0,1.0,1.0,0.25,1.0,0.9684036469613908,1.0,,,,,0.8,0.8,5.0,4.0,0.0,2.091316744144682,1.0
garments,131,1,Curriculum path,4.0,4.0,1.0,1.0,0.5955882352941176,0.5955882352941176,0.2536764705882353,1.0,0.3333333333333333,0.3333333333333333,0.0,0.3333333333333333,0.7425062003978086,0.906981954664931,,,,,0.4,0.4,4.0,2.0,0.0,1.7585294173394643,1.0
garments,131,1,Random order (same clips),4.0,4.0,0.019999999999999962,0.5,0.6003676470588235,0.7095588235294117,0.3939950980392156,0.9,0.5333333333333333,0.5333333333333333,0.0,0.5333333333333333,0.8216562846192896,0.9397441612394253,,,,,0.32,0.32,2.5,1.6,0.0,1.7585294173394643,1.0
garments,131,1,Random subset (same size),4.0,4.0,-0.020000000000000007,0.4666666666666667,0.4816176470588235,0.5812499999999999,0.34068627450980393,1.3,0.6,0.5,0.4333333333333333,0.6,0.8648540303887922,0.9690495083458911,,,,,0.32,0.4,2.8,1.6,0.06666666666666667,1.9011672740976668,1.0
garments,131,1,Difficulty-sorted (same clips),4.0,4.0,1.0,1.0,0.5955882352941176,0.5955882352941176,0.2536764705882353,1.0,0.3333333333333333,0.3333333333333333,0.0,0.3333333333333333,0.7425062003978086,0.906981954664931,,,,,0.4,0.4,4.0,2.0,0.0,1.7585294173394643,1.0
garments,131,1,Coreset prefix (same size),4.0,4.0,-0.39999999999999997,0.3333333333333333,0.8051470588235294,0.8860294117647058,0.6115196078431372,1.0,1.0,1.0,0.3333333333333333,1.0,0.9701283671013191,1.0,,,,,0.8,0.8,4.0,4.0,0.0,2.143588081160432,1.0
garments,131,107,Curriculum path,7.0,6.0,0.942857142857143,0.8,0.0625,0.0625,0.02720588235294118,0.0,0.4,0.2,0.2,0.2,0.5562167568791838,0.9044303929988131,0.6847124716486249,0.6666666666666666,0.6666666666666666,0.5,0.4,0.6,7.0,2.0,0.16666666666666666,1.5948652241067582,0.8571428571428571
garments,131,107,Random order (same clips),6.0,6.0,-0.13142857142857142,0.4400000000000001,0.10367647058823529,0.12683823529411764,0.060588235294117644,0.0,0.52,0.34,0.4,0.4,0.6607626382497054,0.9960814598864207,,,,,0.2800000000000001,0.36,3.0,1.4,0.14,1.5948652241067582,1.0
garments,131,107,Random subset (same size),6.0,6.0,0.14285714285714285,0.4800000000000001,0.7375,0.7698529411764705,0.4563970588235294,2.1,0.74,0.6399999999999999,0.5599999999999999,0.72,0.8729230626008159,0.9857644556388658,,,,,0.34,0.4,3.3,1.7,0.06000000000000001,1.8049102244636486,1.0
garments,131,107,Difficulty-sorted (same clips),6.0,6.0,1.0,1.0,0.0625,0.0625,0.026470588235294117,0.0,0.4,0.2,0.2,0.2,0.5562652575246869,0.9044303929988131,,,,,0.4,0.6,5.0,2.0,0.2,1.5948652241067582,1.0
garments,131,107,Coreset prefix (same size),6.0,6.0,-0.3714285714285715,0.4,0.8676470588235294,0.8970588235294118,0.7198529411764706,2.0,1.0,1.0,0.2,1.0,0.9736251154134397,1.0,,,,,1.0,0.8,6.0,5.0,0.0,2.1103389116523013,1.0
garments,131,88,Curriculum path,2.0,2.0,0.9999999999999999,1.0,0.3713235294117647,0.3713235294117647,0.3713235294117647,1.0,1.0,1.0,0.0,0.0,0.9254810023910004,0.9254810023910004,,,,,0.4,0.4,2.0,2.0,0.0,1.9847701826946647,1.0
garments,131,88,Random order (same clips),2.0,2.0,0.19999999999999998,0.6,0.07426470588235294,0.37132352941176466,0.37132352941176466,0.6,1.0,1.0,0.0,0.0,0.9254810023910004,0.9254810023910004,,,,,0.32,0.32,1.6,1.6,0.0,1.9847701826946647,1.0
garments,131,88,Random subset (same size),2.0,2.0,0.19999999999999998,0.6,0.07132352941176472,0.26544117647058824,0.26544117647058824,0.5,1.0,0.6,0.4,1.0,0.8675270347700152,0.8675270347700152,,,,,0.26,0.34,1.7,1.3,0.0,1.8604831291454151,1.0
garments,131,88,Difficulty-sorted (same clips),2.0,2.0,0.9999999999999999,1.0,0.3713235294117647,0.3713235294117647,0.3713235294117647,1.0,1.0,1.0,0.0,0.0,0.9254810023910004,0.9254810023910004,,,,,0.4,0.4,2.0,2.0,0.0,1.9847701826946647,1.0
garments,131,88,Coreset prefix (same size),2.0,2.0,-0.9999999999999999,0.0,-0.14338235294117646,0.14338235294117646,0.14338235294117646,0.0,1.0,1.0,1.0,1.0,1.0,1.0,,,,,0.4,0.4,2.0,2.0,0.0,2.39424899419464,1.0
garments,131,25,Curriculum path,7.0,6.0,1.0,1.0,0.5955882352941176,0.5955882352941176,0.1948529411764706,1.0,0.2,0.2,0.0,0.2,0.7009108008425745,0.906981954664931,0.7207499701564473,0.8333333333333334,0.5,0.5,0.4,0.4,7.0,2.0,0.0,1.725861119497725,0.8571428571428571
garments,131,25,Random order (same clips),6.0,6.0,-0.1542857142857143,0.42000000000000004,0.5966911764705881,0.8095588235294118,0.3496323529411765,1.4,0.34,0.34,0.0,0.34,0.7938585340947788,0.9742870218233272,,,,,0.2800000000000001,0.2800000000000001,3.0,1.4,0.0,1.725861119497725,1.0
garments,131,25,Random subset (same size),6.0,6.0,0.20571428571428568,0.5,0.6786764705882353,0.7257352941176471,0.3838235294117647,2.0,0.62,0.56,0.4,0.62,0.8793497960097255,0.9827885091705255,,,,,0.34,0.4,3.3,1.7,0.02,1.8732677755029308,1.0
garments,131,25,Difficulty-sorted (same clips),6.0,6.0,1.0,1.0,0.5955882352941176,0.5955882352941176,0.1948529411764706,1.0,0.2,0.2,0.0,0.2,0.7009108008425745,0.906981954664931,,,,,0.4,0.4,6.0,2.0,0.0,1.725861119497725,1.0
garments,131,25,Coreset prefix (same size),6.0,6.0,-0.3714285714285715,0.4,0.8676470588235294,0.8970588235294118,0.7198529411764706,2.0,1.0,1.0,0.2,1.0,0.9736251154134397,1.0,,,,,1.0,0.8,6.0,5.0,0.0,2.1103389116523013,1.0
garments,131,3,Curriculum path,7.0,6.0,1.0,1.0,0.5955882352941176,0.5955882352941176,0.1970588235294118,1.0,0.2,0.2,0.0,0.2,0.711680336063201,0.906981954664931,0.7207499701564473,0.8333333333333334,0.5,0.5,0.4,0.4,7.0,2.0,0.0,1.7373398281849062,0.8571428571428571
garments,131,3,Random order (same clips),6.0,6.0,-0.1542857142857143,0.42000000000000004,0.5988970588235294,0.8117647058823529,0.3527205882352941,1.4,0.34,0.34,0.0,0.34,0.801305683253083,0.9732502812798922,,,,,0.2800000000000001,0.2800000000000001,3.0,1.4,0.0,1.7373398281849064,1.0
garments,131,3,Random subset (same size),6.0,6.0,0.17714285714285716,0.52,0.6724264705882353,0.7279411764705882,0.3870588235294118,2.0,0.62,0.56,0.4,0.62,0.8846279174963758,0.9835989072625159,,,,,0.34,0.4,3.3,1.7,0.02,1.8959046276749274,1.0
garments,131,3,Difficulty-sorted (same clips),6.0,6.0,1.0,1.0,0.5955882352941176,0.5955882352941176,0.1970588235294118,1.0,0.2,0.2,0.0,0.2,0.711680336063201,0.906981954664931,,,,,0.4,0.4,6.0,2.0,0.0,1.7373398281849062,1.0
garments,131,3,Coreset prefix (same size),6.0,6.0,-0.3714285714285715,0.4,0.8676470588235294,0.8970588235294118,0.7198529411764706,2.0,1.0,1.0,0.2,1.0,0.9736251154134397,1.0,,,,,1.0,0.8,6.0,5.0,0.0,2.1103389116523013,1.0
garments,131,66,Curriculum path,2.0,2.0,0.9999999999999999,1.0,0.6948529411764706,0.6948529411764706,0.6948529411764706,1.0,1.0,1.0,0.0,1.0,0.9229122976357239,0.9229122976357239,,,,,0.4,0.4,2.0,2.0,0.0,1.9792613839259732,1.0
garments,131,66,Random order (same clips),2.0,2.0,0.19999999999999998,0.6,0.13897058823529412,0.6948529411764707,0.6948529411764707,0.6,1.0,1.0,0.0,1.0,0.9229122976357239,0.9229122976357239,,,,,0.32,0.32,1.6,1.6,0.0,1.9792613839259734,1.0
garments,131,66,Random subset (same size),2.0,2.0,0.5999999999999999,0.8,0.20514705882352943,0.23308823529411765,0.23308823529411765,0.5,0.4,0.4,0.4,0.4,0.852570562683657,0.852570562683657,,,,,0.2800000000000001,0.2800000000000001,1.7,1.4,0.0,1.8284077437419153,1.0
garments,131,66,Difficulty-sorted (same clips),2.0,2.0,0.9999999999999999,1.0,0.6948529411764706,0.6948529411764706,0.6948529411764706,1.0,1.0,1.0,0.0,1.0,0.9229122976357239,0.9229122976357239,,,,,0.4,0.4,2.0,2.0,0.0,1.9792613839259732,1.0
garments,131,66,Coreset prefix (same size),2.0,2.0,-0.9999999999999999,0.0,-0.14338235294117646,0.14338235294117646,0.14338235294117646,0.0,1.0,1.0,1.0,1.0,1.0,1.0,,,,,0.4,0.4,2.0,2.0,0.0,2.39424899419464,1.0
garments,131,2,Curriculum path,7.0,6.0,1.0,1.0,0.5955882352941176,0.5955882352941176,0.18235294117647058,1.0,0.2,0.2,0.0,0.2,0.6874381226057785,0.906981954664931,0.7207499701564473,0.8333333333333334,0.5,0.5,0.4,0.4,7.0,2.0,0.0,1.7051083920242585,0.8571428571428571
garments,131,2,Random order (same clips),6.0,6.0,-0.1542857142857143,0.42000000000000004,0.5841911764705882,0.7970588235294118,0.3321323529411765,1.4,0.34,0.34,0.0,0.34,0.7806022786813485,0.9750097924086824,,,,,0.2800000000000001,0.2800000000000001,3.0,1.4,0.0,1.7051083920242582,1.0
garments,131,2,Random subset (same size),6.0,6.0,0.2628571428571429,0.5,0.6463235294117646,0.6944852941176471,0.36720588235294116,2.0,0.62,0.56,0.4,0.62,0.8763104156131785,0.9855523850036304,,,,,0.34,0.4,3.3,1.7,0.02,1.8831503249443269,1.0
garments,131,2,Difficulty-sorted (same clips),6.0,6.0,1.0,1.0,0.5955882352941176,0.5955882352941176,0.18235294117647058,1.0,0.2,0.2,0.0,0.2,0.6874381226057785,0.906981954664931,,,,,0.4,0.4,6.0,2.0,0.0,1.7051083920242585,1.0
garments,131,2,Coreset prefix (same size),6.0,6.0,-0.3714285714285715,0.4,0.8676470588235294,0.8970588235294118,0.7198529411764706,2.0,1.0,1.0,0.2,1.0,0.9736251154134397,1.0,,,,,1.0,0.8,6.0,5.0,0.0,2.1103389116523013,1.0
garments,131,21,Curriculum path,7.0,6.0,1.0,1.0,0.5955882352941176,0.5955882352941176,0.19044117647058822,1.0,0.2,0.2,0.0,0.2,0.7343265720919762,0.906981954664931,0.7207499701564473,0.8333333333333334,0.5,0.5,0.4,0.4,7.0,2.0,0.0,1.758636090661875,0.8571428571428571
garments,131,21,Random order (same clips),6.0,6.0,-0.1542857142857143,0.42000000000000004,0.5908088235294117,0.8029411764705883,0.3426470588235294,1.3,0.34,0.34,0.0,0.34,0.8094801209450997,0.9271232225253081,,,,,0.2800000000000001,0.2800000000000001,3.0,1.4,0.0,1.758636090661875,1.0
garments,131,21,Random subset (same size),6.0,6.0,0.20571428571428568,0.5,0.6720588235294117,0.7191176470588234,0.3785294117647059,2.0,0.62,0.56,0.4,0.62,0.8895229952292845,0.9859265159153099,,,,,0.34,0.4,3.3,1.7,0.02,1.8946806727369245,1.0
garments,131,21,Difficulty-sorted (same clips),6.0,6.0,1.0,1.0,0.5955882352941176,0.5955882352941176,0.19044117647058822,1.0,0.2,0.2,0.0,0.2,0.7343265720919762,0.906981954664931,,,,,0.4,0.4,6.0,2.0,0.0,1.758636090661875,1.0
garments,131,21,Coreset prefix (same size),6.0,6.0,-0.3714285714285715,0.4,0.8676470588235294,0.8970588235294118,0.7198529411764706,2.0,1.0,1.0,0.2,1.0,0.9736251154134397,1.0,,,,,1.0,0.8,6.0,5.0,0.0,2.1103389116523013,1.0
garments,131,48,Curriculum path,8.0,7.0,1.0,1.0,0.5955882352941176,0.5955882352941176,0.1636029411764706,1.0,0.16666666666666666,0.16666666666666666,0.0,0.16666666666666666,0.7280193875096028,0.906981954664931,0.8143858581010162,0.8571428571428571,0.42857142857142855,0.42857142857142855,0.4,0.4,8.0,2.0,0.0,1.7643786245981599,0.875
garments,131,48,Random order (same clips),7.0,7.0,0.039285714285714285,0.4499999999999999,0.75625,0.8647058823529411,0.35765931372549026,2.1,0.25,0.25,0.0,0.25,0.8114474575895387,0.9870831332076824,,,,,0.28,0.28,3.5,1.4,0.0,1.7643786245981599,1.0
garments,131,48,Random subset (same size),7.0,7.0,0.17857142857142858,0.4666666666666666,0.5360294117647059,0.6290441176470588,0.3208333333333333,2.3,0.38333333333333336,0.36666666666666664,0.21666666666666665,0.38333333333333336,0.8691174819713314,0.9662067215384706,,,,,0.36,0.42000000000000004,4.8,1.8,0.0,1.8559234005324359,1.0
garments,131,48,Difficulty-sorted (same clips),7.0,7.0,1.0,1.0,0.5955882352941176,0.5955882352941176,0.1636029411764706,1.0,0.16666666666666666,0.16666666666666666,0.0,0.16666666666666666,0.7280193875096028,0.906981954664931,,,,,0.4,0.4,7.0,2.0,0.0,1.7643786245981599,1.0
garments,131,48,Coreset prefix (same size),7.0,7.0,0.14285714285714288,0.5,0.9632352941176471,0.9632352941176471,0.7604166666666666,3.0,1.0,1.0,0.16666666666666666,1.0,0.9765302249422515,1.0,,,,,1.0,0.8,7.0,5.0,0.0,2.08644478217572,1.0
garments,131,102,Curriculum path,6.0,5.0,0.9999999999999999,1.0,0.08088235294117646,0.08088235294117646,0.04136029411764706,0.0,0.5,0.25,0.25,0.25,0.5830361441357936,0.9044303929988131,0.550782483869826,0.8,0.8,0.6,0.4,0.6,6.0,2.0,0.2,1.669986519482197,0.8333333333333334
garments,131,102,Random order (same clips),5.0,5.0,0.1,0.525,0.12352941176470589,0.14669117647058824,0.08704044117647058,0.1,0.625,0.425,0.45,0.45,0.708721400984543,0.9895015868429734,,,,,0.32,0.42000000000000004,3.0,1.6,0.175,1.669986519482197,1.0
garments,131,102,Random subset (same size),5.0,5.0,-0.17999999999999997,0.4,0.6599264705882353,0.6977941176470589,0.39329044117647055,1.1,0.65,0.575,0.5,0.625,0.8613570946278776,0.9727710334268845,,,,,0.36,0.4,3.1,1.8,0.05,1.8600970813105295,1.0
garments,131,102,Difficulty-sorted (same clips),5.0,5.0,0.9999999999999999,1.0,0.08088235294117646,0.08088235294117646,0.04136029411764706,0.0,0.5,0.25,0.25,0.25,0.5830361441357936,0.9044303929988131,,,,,0.4,0.6,5.0,2.0,0.5,1.669986519482197,1.0
garments,131,102,Coreset prefix (same size),5.0,5.0,0.09999999999999999,0.5,0.8676470588235294,0.8860294117647058,0.6755514705882353,2.0,1.0,1.0,0.25,1.0,0.9684036469613908,1.0,,,,,0.8,0.8,5.0,4.0,0.0,2.091316744144682,1.0
garments,131,7,Curriculum path,3.0,3.0,1.0,1.0,0.5955882352941176,0.5955882352941176,0.30330882352941174,1.0,0.5,0.5,0.0,0.5,0.8111116336811144,0.906981954664931,,,,,0.4,0.4,3.0,2.0,0.0,1.865527862623142,1.0
garments,131,7,Random order (same clips),3.0,3.0,-0.1,0.4,0.42132352941176465,0.6044117647058822,0.42463235294117646,0.7,0.7,0.7,0.0,0.7,0.8816328931833587,0.971328216882366,,,,,0.3,0.3,1.8,1.5,0.0,1.8655278626231422,1.0
garments,131,7,Random subset (same size),3.0,3.0,-0.25,0.45,0.28602941176470587,0.4724264705882354,0.3821691176470588,0.7,0.35,0.35,0.2,0.35,0.8496913829595115,0.8995030612242685,,,,,0.24000000000000005,0.24000000000000005,2.1,1.2,0.0,1.8173965349542143,1.0
garments,131,7,Difficulty-sorted (same clips),3.0,3.0,1.0,1.0,0.5955882352941176,0.5955882352941176,0.30330882352941174,1.0,0.5,0.5,0.0,0.5,0.8111116336811144,0.906981954664931,,,,,0.4,0.4,3.0,2.0,0.0,1.865527862623142,1.0
garments,131,7,Coreset prefix (same size),3.0,3.0,0.5,0.5,0.8051470588235294,0.8051470588235294,0.4742647058823529,1.0,1.0,1.0,0.5,1.0,0.9870375452241518,1.0,,,,,0.6,0.6,3.0,3.0,0.0,2.200617623386822,1.0
garments,131,118,Curriculum path,4.0,4.0,1.0,1.0,0.0625,0.0625,0.041666666666666664,0.0,0.6666666666666666,0.3333333333333333,0.3333333333333333,0.3333333333333333,0.6663043025987427,0.9044303929988131,,,,,0.4,0.6,4.0,2.0,0.3333333333333333,1.8140794865469474,1.0
garments,131,118,Random order (same clips),4.0,4.0,0.019999999999999962,0.5,0.0625,0.09191176470588236,0.06017156862745099,0.0,0.6666666666666667,0.5333333333333333,0.4333333333333333,0.4333333333333333,0.7032700802895986,0.9904430392998813,,,,,0.32,0.38,2.5,1.6,0.33333333333333337,1.8140794865469474,1.0
garments,131,118,Random subset (same size),4.0,4.0,0.019999999999999976,0.4999999999999999,0.6411764705882352,0.7220588235294116,0.44424019607843135,1.3,0.6666666666666667,0.6,0.5333333333333333,0.6666666666666667,0.7816964547203016,0.9806651092111688,,,,,0.33999999999999997,0.4,2.8,1.7,0.06666666666666667,1.7684120112429664,1.0
garments,131,118,Difficulty-sorted (same clips),4.0,4.0,1.0,1.0,0.0625,0.0625,0.041666666666666664,0.0,0.6666666666666666,0.3333333333333333,0.3333333333333333,0.3333333333333333,0.6663043025987427,0.9044303929988131,,,,,0.4,0.6,4.0,2.0,0.3333333333333333,1.8140794865469474,1.0
garments,131,118,Coreset prefix (same size),4.0,4.0,-0.39999999999999997,0.3333333333333333,0.8051470588235294,0.8860294117647058,0.6115196078431372,1.0,1.0,1.0,0.3333333333333333,1.0,0.9701283671013191,1.0,,,,,0.8,0.8,4.0,4.0,0.0,2.143588081160432,1.0
garments,131,11,Curriculum path,6.0,5.0,0.9999999999999999,1.0,0.5955882352941176,0.5955882352941176,0.2104779411764706,1.0,0.25,0.25,0.0,0.25,0.6892601086592041,0.906981954664931,0.550782483869826,0.8,0.6,0.6,0.4,0.4,6.0,2.0,0.0,1.6859615945633017,0.8333333333333334
garments,131,11,Random order (same clips),5.0,5.0,0.1,0.525,0.6305147058823529,0.7488970588235293,0.3688419117647059,1.5,0.425,0.425,0.0,0.425,0.7862330938163433,0.9666073852875592,,,,,0.32,0.32,3.0,1.6,0.0,1.6859615945633017,1.0
garments,131,11,Random subset (same size),5.0,5.0,-0.09999999999999998,0.5,0.5099264705882354,0.63125,0.36544117647058827,1.3,0.525,0.475,0.4,0.525,0.8838644269177365,0.9641549931471133,,,,,0.32000000000000006,0.34,3.1,1.6,0.0,1.889370116982334,1.0
garments,131,11,Difficulty-sorted (same clips),5.0,5.0,0.9999999999999999,1.0,0.5955882352941176,0.5955882352941176,0.2104779411764706,1.0,0.25,0.25,0.0,0.25,0.6892601086592041,0.906981954664931,,,,,0.4,0.4,5.0,2.0,0.0,1.6859615945633017,1.0
garments,131,11,Coreset prefix (same size),5.0,5.0,0.09999999999999999,0.5,0.8676470588235294,0.8860294117647058,0.6755514705882353,2.0,1.0,1.0,0.25,1.0,0.9684036469613908,1.0,,,,,0.8,0.8,5.0,4.0,0.0,2.091316744144682,1.0
garments,131,55,Curriculum path,4.0,4.0,1.0,1.0,0.5955882352941176,0.5955882352941176,0.25857843137254904,1.0,0.3333333333333333,0.3333333333333333,0.0,0.3333333333333333,0.7590931825033641,0.906981954664931,,,,,0.4,0.4,4.0,2.0,0.0,1.7864115859195013,1.0
garments,131,55,Random order (same clips),4.0,4.0,0.019999999999999962,0.5,0.6018382352941176,0.7154411764705882,0.4013480392156863,0.9,0.5333333333333333,0.5333333333333333,0.0,0.5333333333333333,0.8424106446383994,0.9526474963737577,,,,,0.32,0.32,2.5,1.6,0.0,1.7864115859195013,1.0
garments,131,55,Random subset (same size),4.0,4.0,0.020000000000000028,0.4666666666666666,0.5077205882352941,0.5654411764705882,0.33688725490196075,1.1,0.6,0.5,0.4333333333333333,0.6,0.8837737033483988,0.9624515924787133,,,,,0.32,0.4,2.8,1.6,0.06666666666666667,1.9179272783779713,1.0
garments,131,55,Difficulty-sorted (same clips),4.0,4.0,1.0,1.0,0.5955882352941176,0.5955882352941176,0.25857843137254904,1.0,0.3333333333333333,0.3333333333333333,0.0,0.3333333333333333,0.7590931825033641,0.906981954664931,,,,,0.4,0.4,4.0,2.0,0.0,1.7864115859195013,1.0
garments,131,55,Coreset prefix (same size),4.0,4.0,-0.39999999999999997,0.3333333333333333,0.8051470588235294,0.8860294117647058,0.6115196078431372,1.0,1.0,1.0,0.3333333333333333,1.0,0.9701283671013191,1.0,,,,,0.8,0.8,4.0,4.0,0.0,2.143588081160432,1.0
garments,131,63,Curriculum path,4.0,4.0,1.0,1.0,0.33088235294117646,0.33088235294117646,0.19730392156862744,2.0,0.3333333333333333,0.6666666666666666,0.0,0.3333333333333333,0.8391580214915816,0.9126342446409311,,,,,0.6,0.4,4.0,3.0,0.0,1.948975123234015,1.0
garments,131,63,Random order (same clips),4.0,4.0,0.019999999999999962,0.5,0.4507352941176471,0.5621323529411766,0.29007352941176473,0.9,0.4333333333333333,0.6666666666666667,0.0,0.4333333333333333,0.8614674224637537,0.9655626397769849,,,,,0.38,0.32,2.5,1.9,0.0,1.9489751232340147,1.0
garments,131,63,Random subset (same size),4.0,4.0,0.12,0.5,0.4974264705882353,0.5367647058823529,0.3480392156862745,1.3,0.6,0.5,0.4333333333333333,0.6,0.8677182746790081,0.9471885017642536,,,,,0.32,0.4,2.8,1.6,0.06666666666666667,1.877136755871333,1.0
garments,131,63,Difficulty-sorted (same clips),4.0,4.0,1.0,1.0,0.33088235294117646,0.33088235294117646,0.19730392156862744,2.0,0.3333333333333333,0.6666666666666666,0.0,0.3333333333333333,0.8391580214915816,0.9126342446409311,,,,,0.6,0.4,4.0,3.0,0.0,1.948975123234015,1.0
garments,131,63,Coreset prefix (same size),4.0,4.0,-0.39999999999999997,0.3333333333333333,0.8051470588235294,0.8860294117647058,0.6115196078431372,1.0,1.0,1.0,0.3333333333333333,1.0,0.9701283671013191,1.0,,,,,0.8,0.8,4.0,4.0,0.0,2.143588081160432,1.0
garments,131,100,Curriculum path,9.0,8.0,1.0,1.0,0.08088235294117646,0.08088235294117646,0.05409663865546218,0.0,0.2857142857142857,0.14285714285714285,0.14285714285714285,0.14285714285714285,0.4513298007654793,0.9044303929988131,0.870300505105952,0.875,0.5,0.375,0.4,0.6,9.0,2.0,0.5,1.3610341984554637,0.8888888888888888
garments,131,100,Random order (same clips),8.0,8.0,-0.11190476190476188,0.45714285714285713,0.3018382352941177,0.343014705882353,0.19574579831932773,2.1,0.4714285714285714,0.21428571428571425,0.4714285714285714,0.4714285714285714,0.6280582351117192,1.0,,,,,0.28,0.30000000000000004,3.5,1.4,0.3857142857142857,1.3610341984554637,1.0
garments,131,100,Random subset (same size),8.0,8.0,-0.1690476190476191,0.5142857142857142,0.6319852941176471,0.7213235294117647,0.35435924369747895,2.6,0.5428571428571429,0.5,0.41428571428571426,0.5428571428571429,0.8211297476633558,0.983647555165178,,,,,0.42000000000000004,0.48,5.5,2.1,0.07142857142857142,1.809861918396996,1.0
garments,131,100,Difficulty-sorted (same clips),8.0,8.0,1.0,1.0,0.08088235294117646,0.08088235294117646,0.05409663865546218,0.0,0.2857142857142857,0.14285714285714285,0.14285714285714285,0.14285714285714285,0.4513298007654793,0.9044303929988131,,,,,0.4,0.6,8.0,2.0,0.7142857142857143,1.3610341984554637,1.0
garments,131,100,Coreset prefix (same size),8.0,8.0,-0.09523809523809526,0.42857142857142855,0.9632352941176471,0.9632352941176471,0.7846638655462185,3.0,1.0,1.0,0.14285714285714285,1.0,0.9798830499505014,1.0,,,,,1.0,1.0,8.0,5.0,0.0,2.0707783037998317,1.0
garments,131,106,Curriculum path,7.0,6.0,1.0,1.0,0.0625,0.0625,0.04485294117647059,0.0,0.4,0.2,0.2,0.2,0.5126404597909184,0.9044303929988131,0.7207499701564473,0.8333333333333334,0.6666666666666666,0.5,0.4,0.6,7.0,2.0,0.3333333333333333,1.5552086143123267,0.8571428571428571
garments,131,106,Random order (same clips),6.0,6.0,-0.1542857142857143,0.42000000000000004,0.13897058823529412,0.17389705882352943,0.09308823529411764,0.5,0.52,0.34,0.4,0.4,0.6399107658457692,0.9941513408152416,,,,,0.2800000000000001,0.36,3.0,1.4,0.36,1.555208614312327,1.0
garments,131,106,Random subset (same size),6.0,6.0,0.19999999999999998,0.4600000000000001,0.7018382352941177,0.7297794117647058,0.43125,2.0,0.74,0.6399999999999999,0.5599999999999999,0.72,0.8723515475541814,0.9830904641186896,,,,,0.34,0.4,3.3,1.7,0.04,1.8053439323278309,1.0
garments,131,106,Difficulty-sorted (same clips),6.0,6.0,1.0,1.0,0.0625,0.0625,0.04485294117647059,0.0,0.4,0.2,0.2,0.2,0.5126404597909184,0.9044303929988131,,,,,0.4,0.6,6.0,2.0,0.6,1.5552086143123267,1.0
garments,131,106,Coreset prefix (same size),6.0,6.0,-0.3714285714285715,0.4,0.8676470588235294,0.8970588235294118,0.7198529411764706,2.0,1.0,1.0,0.2,1.0,0.9736251154134397,1.0,,,,,1.0,0.8,6.0,5.0,0.0,2.1103389116523013,1.0
garments,131,82,Curriculum path,2.0,2.0,0.9999999999999999,1.0,0.01838235294117647,0.01838235294117647,0.01838235294117647,0.0,1.0,1.0,0.0,0.0,0.8257388568398664,0.8257388568398664,,,,,0.4,0.4,2.0,2.0,0.0,1.7708649421371225,1.0
garments,131,82,Random order (same clips),2.0,2.0,0.19999999999999998,0.6,0.003676470588235294,0.018382352941176468,0.018382352941176468,0.0,1.0,1.0,0.0,0.0,0.8257388568398664,0.8257388568398664,,,,,0.32,0.32,1.6,1.6,0.0,1.7708649421371228,1.0
garments,131,82,Random subset (same size),2.0,2.0,-0.3999999999999999,0.3,-0.06985294117647059,0.5279411764705882,0.5279411764705882,0.3,1.0,0.6,0.4,1.0,0.9544288181013562,0.9544288181013562,,,,,0.26,0.34,1.7,1.3,0.0,2.0729655481836113,1.0
garments,131,82,Difficulty-sorted (same clips),2.0,2.0,0.9999999999999999,1.0,0.01838235294117647,0.01838235294117647,0.01838235294117647,0.0,1.0,1.0,0.0,0.0,0.8257388568398664,0.8257388568398664,,,,,0.4,0.4,2.0,2.0,0.0,1.7708649421371225,1.0
garments,131,82,Coreset prefix (same size),2.0,2.0,-0.9999999999999999,0.0,-0.14338235294117646,0.14338235294117646,0.14338235294117646,0.0,1.0,1.0,1.0,1.0,1.0,1.0,,,,,0.4,0.4,2.0,2.0,0.0,2.39424899419464,1.0
garments,131,45,Curriculum path,6.0,5.0,0.9999999999999999,1.0,0.5955882352941176,0.5955882352941176,0.1957720588235294,1.0,0.25,0.25,0.0,0.25,0.7043009883235121,0.906981954664931,0.550782483869826,0.8,0.6,0.6,0.4,0.4,6.0,2.0,0.0,1.750850537118587,0.8333333333333334
garments,131,45,Random order (same clips),5.0,5.0,0.1,0.525,0.6246323529411765,0.7253676470588235,0.34531249999999997,1.1,0.425,0.425,0.0,0.425,0.8247221207632472,0.9648952447768842,,,,,0.32,0.32,3.0,1.6,0.0,1.750850537118587,1.0
garments,131,45,Random subset (same size),5.0,5.0,-0.13999999999999996,0.5,0.5029411764705881,0.6312499999999999,0.35367647058823526,1.0,0.525,0.475,0.4,0.525,0.8950154143671318,0.9668002241594914,,,,,0.32000000000000006,0.34,3.1,1.6,0.0,1.9044483103711798,1.0
garments,131,45,Difficulty-sorted (same clips),5.0,5.0,0.9999999999999999,1.0,0.5955882352941176,0.5955882352941176,0.1957720588235294,1.0,0.25,0.25,0.0,0.25,0.7043009883235121,0.906981954664931,,,,,0.4,0.4,5.0,2.0,0.0,1.750850537118587,1.0
garments,131,45,Coreset prefix (same size),5.0,5.0,0.09999999999999999,0.5,0.8676470588235294,0.8860294117647058,0.6755514705882353,2.0,1.0,1.0,0.25,1.0,0.9684036469613908,1.0,,,,,0.8,0.8,5.0,4.0,0.0,2.091316744144682,1.0
garments,131,31,Curriculum path,6.0,5.0,0.9999999999999999,1.0,0.5955882352941176,0.5955882352941176,0.22058823529411764,1.0,0.25,0.25,0.0,0.25,0.7459057922916841,0.906981954664931,0.550782483869826,0.8,0.6,0.6,0.4,0.4,6.0,2.0,0.0,1.7912734597336022,0.8333333333333334
garments,131,31,Random order (same clips),5.0,5.0,0.1,0.525,0.6345588235294117,0.7650735294117647,0.38501838235294117,1.5,0.425,0.425,0.0,0.425,0.8379600144757072,0.9696284433597759,,,,,0.32,0.32,3.0,1.6,0.0,1.7912734597336022,1.0
garments,131,31,Random subset (same size),5.0,5.0,-0.06999999999999998,0.5,0.5128676470588236,0.6433823529411765,0.36865808823529406,1.1,0.525,0.475,0.4,0.525,0.9025662020190269,0.9625457912754272,,,,,0.32000000000000006,0.34,3.1,1.6,0.0,1.9278478917942041,1.0
garments,131,31,Difficulty-sorted (same clips),5.0,5.0,0.9999999999999999,1.0,0.5955882352941176,0.5955882352941176,0.22058823529411764,1.0,0.25,0.25,0.0,0.25,0.7459057922916841,0.906981954664931,,,,,0.4,0.4,5.0,2.0,0.0,1.7912734597336022,1.0
garments,131,31,Coreset prefix (same size),5.0,5.0,0.09999999999999999,0.5,0.8676470588235294,0.8860294117647058,0.6755514705882353,2.0,1.0,1.0,0.25,1.0,0.9684036469613908,1.0,,,,,0.8,0.8,5.0,4.0,0.0,2.091316744144682,1.0
garments,131,65,Curriculum path,3.0,3.0,1.0,1.0,0.33088235294117646,0.33088235294117646,0.2922794117647059,2.0,0.5,1.0,0.0,0.5,0.9050505300159495,0.9126342446409311,,,,,0.6,0.4,3.0,3.0,0.0,1.9705575857840012,1.0
garments,131,65,Random order (same clips),3.0,3.0,-0.1,0.4,0.3330882352941177,0.5338235294117648,0.40919117647058834,0.8,0.7,1.0,0.0,0.7,0.9216144450878977,0.9396951030848424,,,,,0.36000000000000004,0.32,1.8,1.8,0.0,1.970557585784001,1.0
garments,131,65,Random subset (same size),3.0,3.0,-0.25,0.45,0.24264705882352944,0.44338235294117645,0.3463235294117647,0.6,0.35,0.35,0.2,0.35,0.8785597888533354,0.9075072335123455,,,,,0.24000000000000005,0.24000000000000005,2.1,1.2,0.0,1.8658837134705144,1.0
garments,131,65,Difficulty-sorted (same clips),3.0,3.0,1.0,1.0,0.33088235294117646,0.33088235294117646,0.2922794117647059,2.0,0.5,1.0,0.0,0.5,0.9050505300159495,0.9126342446409311,,,,,0.6,0.4,3.0,3.0,0.0,1.9705575857840012,1.0
garments,131,65,Coreset prefix (same size),3.0,3.0,0.5,0.5,0.8051470588235294,0.8051470588235294,0.4742647058823529,1.0,1.0,1.0,0.5,1.0,0.9870375452241518,1.0,,,,,0.6,0.6,3.0,3.0,0.0,2.200617623386822,1.0
garments,131,52,Curriculum path,3.0,3.0,1.0,1.0,0.4264705882352941,0.4264705882352941,0.3786764705882353,2.0,0.5,1.0,0.0,0.5,0.9027360420951365,0.9126342446409311,,,,,0.6,0.4,3.0,3.0,0.0,1.9915713887011792,1.0
garments,131,52,Random order (same clips),3.0,3.0,-0.1,0.4,0.42132352941176465,0.6911764705882353,0.5301470588235293,0.8,0.7,1.0,0.0,0.7,0.933835606005964,0.9669148104259504,,,,,0.36000000000000004,0.32,1.8,1.8,0.0,1.991571388701179,1.0
garments,131,52,Random subset (same size),3.0,3.0,-0.45,0.35,0.19595588235294117,0.38345588235294115,0.2955882352941176,0.4,0.35,0.35,0.2,0.35,0.8759520990288128,0.9126399653055268,,,,,0.24000000000000005,0.24000000000000005,2.1,1.2,0.0,1.8678057367999454,1.0
garments,131,52,Difficulty-sorted (same clips),3.0,3.0,1.0,1.0,0.4264705882352941,0.4264705882352941,0.3786764705882353,2.0,0.5,1.0,0.0,0.5,0.9027360420951365,0.9126342446409311,,,,,0.6,0.4,3.0,3.0,0.0,1.9915713887011792,1.0
garments,131,52,Coreset prefix (same size),3.0,3.0,0.5,0.5,0.8051470588235294,0.8051470588235294,0.4742647058823529,1.0,1.0,1.0,0.5,1.0,0.9870375452241518,1.0,,,,,0.6,0.6,3.0,3.0,0.0,2.200617623386822,1.0
garments,131,94,Curriculum path,11.0,9.0,1.0,1.0,0.08823529411764708,0.08823529411764708,0.05514705882352941,0.0,0.25,0.125,0.125,0.125,0.4282290697231066,0.9044303929988131,0.587180674734059,0.8,0.6,0.5,0.4,0.6,11.0,2.0,0.4,1.3444453713975735,0.8181818181818182
garments,131,94,Random order (same clips),9.0,9.0,0.08166666666666667,0.5,0.36360294117647063,0.4014705882352942,0.2024356617647059,2.6,0.4375,0.2375,0.4125,0.4125,0.6176434466343232,1.0,,,,,0.34,0.44000000000000006,5.6,1.7,0.325,1.3444453713975733,1.0
garments,131,94,Random subset (same size),9.0,9.0,-0.22166666666666668,0.45,0.6566176470588235,0.8216911764705882,0.3317555147058823,2.4,0.5,0.425,0.4,0.5,0.7993877160426063,0.9614529588956318,,,,,0.36,0.42000000000000004,4.8,1.8,0.1125,1.7538465385799626,1.0
garments,131,94,Difficulty-sorted (same clips),9.0,9.0,1.0,1.0,0.08823529411764708,0.08823529411764708,0.05514705882352941,0.0,0.25,0.125,0.125,0.125,0.4282290697231066,0.9044303929988131,,,,,0.4,0.6,9.0,2.0,0.75,1.3444453713975735,1.0
garments,131,94,Coreset prefix (same size),9.0,9.0,0.03333333333333333,0.5,0.9632352941176471,0.9632352941176471,0.7573529411764706,4.0,1.0,1.0,0.125,1.0,0.9796479648329901,1.0,,,,,1.0,1.0,9.0,5.0,0.0,2.0563738321441205,1.0
garments,131,76,Curriculum path,3.0,3.0,1.0,1.0,0.6948529411764706,0.6948529411764706,0.39705882352941174,1.0,0.5,0.5,0.0,0.5,0.8257253914071446,0.9229122976357239,,,,,0.4,0.4,3.0,2.0,0.0,1.8879380470475453,1.0
garments,131,76,Random order (same clips),3.0,3.0,-0.1,0.4,0.5261029411764706,0.7742647058823529,0.5558823529411764,0.7,0.7,0.7,0.0,0.7,0.891249749574043,0.9762114889866573,,,,,0.3,0.3,1.8,1.5,0.0,1.8879380470475453,1.0
garments,131,76,Random subset (same size),3.0,3.0,-0.25,0.35,0.20735294117647057,0.3889705882352941,0.28547794117647063,0.4,0.35,0.35,0.2,0.35,0.8823959323318631,0.9176088504141646,,,,,0.24000000000000005,0.24000000000000005,2.1,1.2,0.0,1.883627977219857,1.0
garments,131,76,Difficulty-sorted (same clips),3.0,3.0,1.0,1.0,0.6948529411764706,0.6948529411764706,0.39705882352941174,1.0,0.5,0.5,0.0,0.5,0.8257253914071446,0.9229122976357239,,,,,0.4,0.4,3.0,2.0,0.0,1.8879380470475453,1.0
garments,131,76,Coreset prefix (same size),3.0,3.0,0.5,0.5,0.8051470588235294,0.8051470588235294,0.4742647058823529,1.0,1.0,1.0,0.5,1.0,0.9870375452241518,1.0,,,,,0.6,0.6,3.0,3.0,0.0,2.200617623386822,1.0
garments,131,103,Curriculum path,7.0,6.0,1.0,1.0,0.10294117647058826,0.10294117647058826,0.05808823529411765,0.0,0.4,0.2,0.2,0.2,0.5259564109143591,0.9044303929988131,0.7207499701564473,0.8333333333333334,0.6666666666666666,0.5,0.4,0.6,7.0,2.0,0.3333333333333333,1.5551632945341163,0.8571428571428571
garments,131,103,Random order (same clips),6.0,6.0,-0.1542857142857143,0.42000000000000004,0.16875,0.21029411764705883,0.11397058823529413,0.7,0.52,0.34,0.4,0.4,0.6412132272837677,0.9947743711823497,,,,,0.2800000000000001,0.36,3.0,1.4,0.30000000000000004,1.5551632945341163,1.0
garments,131,103,Random subset (same size),6.0,6.0,0.21714285714285714,0.4800000000000001,0.6849264705882353,0.7099264705882353,0.4172794117647058,2.0,0.74,0.6399999999999999,0.5599999999999999,0.72,0.8688252027333212,0.982853698062935,,,,,0.34,0.4,3.3,1.7,0.08,1.797898111094105,1.0
garments,131,103,Difficulty-sorted (same clips),6.0,6.0,1.0,1.0,0.10294117647058826,0.10294117647058826,0.05808823529411765,0.0,0.4,0.2,0.2,0.2,0.5259564109143591,0.9044303929988131,,,,,0.4,0.6,6.0,2.0,0.6,1.5551632945341163,1.0
garments,131,103,Coreset prefix (same size),6.0,6.0,-0.3714285714285715,0.4,0.8676470588235294,0.8970588235294118,0.7198529411764706,2.0,1.0,1.0,0.2,1.0,0.9736251154134397,1.0,,,,,1.0,0.8,6.0,5.0,0.0,2.1103389116523013,1.0
garments,131,17,Curriculum path,6.0,5.0,0.9999999999999999,1.0,0.5955882352941176,0.5955882352941176,0.18474264705882354,1.0,0.25,0.25,0.0,0.25,0.7476476150269984,0.906981954664931,0.550782483869826,0.8,0.6,0.6,0.4,0.4,6.0,2.0,0.0,1.777865758139836,0.8333333333333334
garments,131,17,Random order (same clips),5.0,5.0,0.1,0.525,0.5941176470588235,0.6860294117647059,0.33253676470588234,0.9,0.425,0.425,0.0,0.425,0.8263550801250125,0.9783817087244511,,,,,0.32,0.32,3.0,1.6,0.0,1.777865758139836,1.0
garments,131,17,Random subset (same size),5.0,5.0,-0.15999999999999998,0.475,0.4996323529411765,0.6099264705882353,0.3451286764705882,1.1,0.525,0.475,0.4,0.525,0.8898909863390475,0.9600062144911188,,,,,0.32000000000000006,0.34,3.1,1.6,0.0,1.897699270137472,1.0
garments,131,17,Difficulty-sorted (same clips),5.0,5.0,0.9999999999999999,1.0,0.5955882352941176,0.5955882352941176,0.18474264705882354,1.0,0.25,0.25,0.0,0.25,0.7476476150269984,0.906981954664931,,,,,0.4,0.4,5.0,2.0,0.0,1.777865758139836,1.0
garments,131,17,Coreset prefix (same size),5.0,5.0,0.09999999999999999,0.5,0.8676470588235294,0.8860294117647058,0.6755514705882353,2.0,1.0,1.0,0.25,1.0,0.9684036469613908,1.0,,,,,0.8,0.8,5.0,4.0,0.0,2.091316744144682,1.0
garments,131,92,Curriculum path,8.0,7.0,1.0,1.0,0.0625,0.0625,0.04779411764705882,0.0,0.3333333333333333,0.16666666666666666,0.16666666666666666,0.16666666666666666,0.48206306007116556,0.9044303929988131,0.8143858581010162,0.8571428571428571,0.5714285714285714,0.42857142857142855,0.4,0.6,8.0,2.0,0.42857142857142855,1.4686176465173777,0.875
garments,131,92,Random order (same clips),7.0,7.0,0.039285714285714285,0.4499999999999999,0.2172794117647059,0.2375,0.14227941176470588,1.8,0.5,0.25,0.4833333333333333,0.4833333333333333,0.6578422711877938,1.0,,,,,0.28,0.38,3.5,1.4,0.23333333333333334,1.468617646517378,1.0
garments,131,92,Random subset (same size),7.0,7.0,0.1142857142857143,0.4666666666666666,0.6775735294117647,0.7180147058823529,0.4261642156862745,2.3,0.6333333333333334,0.6,0.4666666666666666,0.6333333333333334,0.889859882028809,0.9837078970063269,,,,,0.38,0.45999999999999996,4.8,1.9,0.0,1.838165128444873,1.0
garments,131,92,Difficulty-sorted (same clips),7.0,7.0,1.0,1.0,0.0625,0.0625,0.04779411764705882,0.0,0.3333333333333333,0.16666666666666666,0.16666666666666666,0.16666666666666666,0.48206306007116556,0.9044303929988131,,,,,0.4,0.6,7.0,2.0,0.6666666666666666,1.4686176465173777,1.0
garments,131,92,Coreset prefix (same size),7.0,7.0,0.14285714285714288,0.5,0.9632352941176471,0.9632352941176471,0.7604166666666666,3.0,1.0,1.0,0.16666666666666666,1.0,0.9765302249422515,1.0,,,,,1.0,0.8,7.0,5.0,0.0,2.08644478217572,1.0
garments,131,108,Curriculum path,7.0,6.0,0.942857142857143,0.8,0.12132352941176472,0.12132352941176472,0.04632352941176471,0.0,0.4,0.2,0.2,0.2,0.5362824069284879,0.9044303929988131,0.6847124716486249,0.6666666666666666,0.6666666666666666,0.5,0.4,0.6,7.0,2.0,0.3333333333333333,1.5853258973301856,0.8571428571428571
garments,131,108,Random order (same clips),6.0,6.0,-0.2,0.44000000000000006,0.14669117647058824,0.17169117647058826,0.08669117647058824,0.7,0.52,0.34,0.4,0.4,0.6580511251750006,0.995556482738792,,,,,0.2800000000000001,0.36,3.0,1.4,0.38,1.5853258973301858,1.0
garments,131,108,Random subset (same size),6.0,6.0,0.15999999999999998,0.4600000000000001,0.7040441176470589,0.7319852941176471,0.43492647058823525,2.1,0.74,0.6399999999999999,0.5599999999999999,0.72,0.8742093337170648,0.9825972192466119,,,,,0.34,0.4,3.3,1.7,0.04,1.8078070280412883,1.0
garments,131,108,Difficulty-sorted (same clips),6.0,6.0,1.0,1.0,0.11397058823529413,0.11397058823529413,0.04338235294117647,0.0,0.4,0.2,0.2,0.2,0.5745999471783443,0.9577147862146868,,,,,0.4,0.6,6.0,2.0,0.4,1.5853258973301856,1.0
garments,131,108,Coreset prefix (same size),6.0,6.0,-0.3714285714285715,0.4,0.8676470588235294,0.8970588235294118,0.7198529411764706,2.0,1.0,1.0,0.2,1.0,0.9736251154134397,1.0,,,,,1.0,0.8,6.0,5.0,0.0,2.1103389116523013,1.0
garments,131,0,Curriculum path,7.0,6.0,1.0,1.0,0.5955882352941176,0.5955882352941176,0.18823529411764706,1.0,0.2,0.2,0.0,0.2,0.6979871032856277,0.906981954664931,0.7207499701564473,0.8333333333333334,0.5,0.5,0.4,0.4,7.0,2.0,0.0,1.7210046172151001,0.8571428571428571
garments,131,0,Random order (same clips),6.0,6.0,-0.1542857142857143,0.42000000000000004,0.5900735294117647,0.8029411764705883,0.3403676470588235,1.4,0.34,0.34,0.0,0.34,0.7901600833214187,0.9716908583164742,,,,,0.2800000000000001,0.2800000000000001,3.0,1.4,0.0,1.7210046172151003,1.0
garments,131,0,Random subset (same size),6.0,6.0,0.21142857142857138,0.52,0.6547794117647059,0.7058823529411764,0.3747058823529411,2.0,0.62,0.56,0.4,0.62,0.8805507710613785,0.9814416290502752,,,,,0.34,0.4,3.3,1.7,0.02,1.8824332175177247,1.0
garments,131,0,Difficulty-sorted (same clips),6.0,6.0,1.0,1.0,0.5955882352941176,0.5955882352941176,0.18823529411764706,1.0,0.2,0.2,0.0,0.2,0.6979871032856277,0.906981954664931,,,,,0.4,0.4,6.0,2.0,0.0,1.7210046172151001,1.0
garments,131,0,Coreset prefix (same size),6.0,6.0,-0.3714285714285715,0.4,0.8676470588235294,0.8970588235294118,0.7198529411764706,2.0,1.0,1.0,0.2,1.0,0.9736251154134397,1.0,,,,,1.0,0.8,6.0,5.0,0.0,2.1103389116523013,1.0
garments,131,38,Curriculum path,7.0,6.0,1.0,1.0,0.5955882352941176,0.5955882352941176,0.1786764705882353,1.0,0.2,0.2,0.0,0.2,0.6918829664669124,0.906981954664931,0.7207499701564473,0.8333333333333334,0.5,0.5,0.4,0.4,7.0,2.0,0.0,1.6920961718212233,0.8571428571428571
garments,131,38,Random order (same clips),6.0,6.0,-0.1542857142857143,0.42000000000000004,0.5805147058823529,0.7933823529411764,0.3269852941176471,1.2,0.34,0.34,0.0,0.34,0.7783233504535639,0.9709358975116125,,,,,0.2800000000000001,0.2800000000000001,3.0,1.4,0.0,1.6920961718212233,1.0
garments,131,38,Random subset (same size),6.0,6.0,0.30285714285714294,0.48,0.6591911764705883,0.6974264705882354,0.37235294117647055,2.0,0.62,0.56,0.4,0.62,0.8772626932502833,0.9783688034483591,,,,,0.34,0.4,3.3,1.7,0.02,1.8687232258707251,1.0
garments,131,38,Difficulty-sorted (same clips),6.0,6.0,1.0,1.0,0.5955882352941176,0.5955882352941176,0.1786764705882353,1.0,0.2,0.2,0.0,0.2,0.6918829664669124,0.906981954664931,,,,,0.4,0.4,6.0,2.0,0.0,1.6920961718212233,1.0
garments,131,38,Coreset prefix (same size),6.0,6.0,-0.3714285714285715,0.4,0.8676470588235294,0.8970588235294118,0.7198529411764706,2.0,1.0,1.0,0.2,1.0,0.9736251154134397,1.0,,,,,1.0,0.8,6.0,5.0,0.0,2.1103389116523013,1.0
garments,131,29,Curriculum path,7.0,6.0,1.0,1.0,0.5955882352941176,0.5955882352941176,0.18088235294117647,1.0,0.2,0.2,0.0,0.2,0.7188734002924436,0.906981954664931,0.7207499701564473,0.8333333333333334,0.5,0.5,0.4,0.4,7.0,2.0,0.0,1.7580338558022963,0.8571428571428571
garments,131,29,Random order (same clips),6.0,6.0,-0.1542857142857143,0.42000000000000004,0.5904411764705882,0.8058823529411765,0.3341911764705882,1.4,0.34,0.34,0.0,0.34,0.804725015572107,0.9678767630985015,,,,,0.2800000000000001,0.2800000000000001,3.0,1.4,0.0,1.7580338558022963,1.0
garments,131,29,Random subset (same size),6.0,6.0,0.26857142857142857,0.4600000000000001,0.6602941176470588,0.7073529411764705,0.3685294117647059,2.0,0.62,0.56,0.4,0.62,0.8830420999733157,0.9875086074399302,,,,,0.34,0.4,3.3,1.7,0.02,1.8897316415095626,1.0
garments,131,29,Difficulty-sorted (same clips),6.0,6.0,1.0,1.0,0.5955882352941176,0.5955882352941176,0.18088235294117647,1.0,0.2,0.2,0.0,0.2,0.7188734002924436,0.906981954664931,,,,,0.4,0.4,6.0,2.0,0.0,1.7580338558022963,1.0
garments,131,29,Coreset prefix (same size),6.0,6.0,-0.3714285714285715,0.4,0.8676470588235294,0.8970588235294118,0.7198529411764706,2.0,1.0,1.0,0.2,1.0,0.9736251154134397,1.0,,,,,1.0,0.8,6.0,5.0,0.0,2.1103389116523013,1.0
garments,131,78,Curriculum path,7.0,6.0,1.0,1.0,0.5955882352941176,0.5955882352941176,0.18161764705882352,1.0,0.2,0.2,0.0,0.2,0.6937787204045452,0.906981954664931,0.7207499701564473,0.8333333333333334,0.5,0.5,0.4,0.4,7.0,2.0,0.0,1.6689167081526113,0.8571428571428571
garments,131,78,Random order (same clips),6.0,6.0,-0.1542857142857143,0.42000000000000004,0.5757352941176469,0.7867647058823529,0.3270588235294118,1.1,0.34,0.34,0.0,0.34,0.7685320362084329,0.9579073200251116,,,,,0.2800000000000001,0.2800000000000001,3.0,1.4,0.0,1.668916708152611,1.0
garments,131,78,Random subset (same size),6.0,6.0,0.20571428571428574,0.52,0.6400735294117648,0.6808823529411765,0.37088235294117644,2.0,0.62,0.56,0.4,0.62,0.876043039518329,0.9759558958733919,,,,,0.34,0.4,3.3,1.7,0.02,1.8500046184916665,1.0
garments,131,78,Difficulty-sorted (same clips),6.0,6.0,1.0,1.0,0.5955882352941176,0.5955882352941176,0.18161764705882352,1.0,0.2,0.2,0.0,0.2,0.6937787204045452,0.906981954664931,,,,,0.4,0.4,6.0,2.0,0.0,1.6689167081526113,1.0
garments,131,78,Coreset prefix (same size),6.0,6.0,-0.3714285714285715,0.4,0.8676470588235294,0.8970588235294118,0.7198529411764706,2.0,1.0,1.0,0.2,1.0,0.9736251154134397,1.0,,,,,1.0,0.8,6.0,5.0,0.0,2.1103389116523013,1.0
garments,131,59,Curriculum path,3.0,3.0,1.0,1.0,0.5955882352941176,0.5955882352941176,0.36213235294117646,1.0,0.5,0.5,0.0,0.5,0.7771363909492867,0.906981954664931,,,,,0.4,0.4,3.0,2.0,0.0,1.841645356602056,1.0
garments,131,59,Random order (same clips),3.0,3.0,-0.1,0.4,0.46838235294117647,0.698529411764706,0.5069852941176471,0.7,0.7,0.7,0.0,0.7,0.8662818345695721,0.9813963909329863,,,,,0.3,0.3,1.8,1.5,0.0,1.8416453566020565,1.0
garments,131,59,Random subset (same size),3.0,3.0,-0.4,0.4,0.20992647058823533,0.3941176470588235,0.3075367647058823,0.4,0.35,0.35,0.2,0.35,0.8631689068651764,0.8980686762224653,,,,,0.24000000000000005,0.24000000000000005,2.1,1.2,0.0,1.8384840137221055,1.0
garments,131,59,Difficulty-sorted (same clips),3.0,3.0,1.0,1.0,0.5955882352941176,0.5955882352941176,0.36213235294117646,1.0,0.5,0.5,0.0,0.5,0.7771363909492867,0.906981954664931,,,,,0.4,0.4,3.0,2.0,0.0,1.841645356602056,1.0
garments,131,59,Coreset prefix (same size),3.0,3.0,0.5,0.5,0.8051470588235294,0.8051470588235294,0.4742647058823529,1.0,1.0,1.0,0.5,1.0,0.9870375452241518,1.0,,,,,0.6,0.6,3.0,3.0,0.0,2.200617623386822,1.0
garments,131,68,Curriculum path,6.0,5.0,0.9999999999999999,1.0,0.33088235294117646,0.33088235294117646,0.16819852941176472,2.0,0.25,0.5,0.0,0.25,0.8252891036615941,0.9126342446409311,0.550782483869826,0.8,0.6,0.8,0.6,0.4,6.0,3.0,0.0,1.9011611542257545,0.8333333333333334
garments,131,68,Random order (same clips),5.0,5.0,0.1,0.525,0.47463235294117645,0.58125,0.2983455882352941,1.2,0.45,0.625,0.0,0.45,0.8745125439755096,0.9697205275368331,,,,,0.42000000000000004,0.32,3.0,2.1,0.0,1.9011611542257545,1.0
garments,131,68,Random subset (same size),5.0,5.0,-0.2399999999999999,0.425,0.49522058823529413,0.6158088235294118,0.3303308823529411,1.1,0.525,0.475,0.4,0.525,0.8988011644823184,0.9656992535968809,,,,,0.32000000000000006,0.34,3.1,1.6,0.0,1.9178977213957367,1.0
garments,131,68,Difficulty-sorted (same clips),5.0,5.0,0.9999999999999999,1.0,0.33088235294117646,0.33088235294117646,0.16819852941176472,2.0,0.25,0.5,0.0,0.25,0.8252891036615941,0.9126342446409311,,,,,0.6,0.4,5.0,3.0,0.0,1.9011611542257545,1.0
garments,131,68,Coreset prefix (same size),5.0,5.0,0.09999999999999999,0.5,0.8676470588235294,0.8860294117647058,0.6755514705882353,2.0,1.0,1.0,0.25,1.0,0.9684036469613908,1.0,,,,,0.8,0.8,5.0,4.0,0.0,2.091316744144682,1.0
